       *PRINT    FUEL IRRAD                                                            
 
1
 REACTOR FUELLING SIMULATION PROGRAM - INDUSTRY STANDARD TOOLSET VERSION: REL_3.5.5.1    DATE:26-Jan-26                      PAGE  15
 TIME:15:22:02  USER:R FARKAS                                
 *PRINT    C6-ESQUE GENERIC MODEL                                                           RUN TIME      0.938
    FUEL IRRADIATION VALUES IN n/kb                                                           
                                                            BUNDLE POSITION IN CHANNEL
        FUELLING  CHNL AV.
                                 1        2        3        4        5        6        7        8        9       10       11       12
+CHANNEL SCHEME   EXIT IRR
 
  A - 09      8   1.71641  0.24001  0.73679  1.01230  1.23399  1.39160  1.46990  1.46932  1.38890  1.51398  1.92667  2.21988  2.35107
  A - 10     -8   1.71180  2.32323  2.20667  1.92097  1.50568  1.39178  1.47790  1.47756  1.39057  1.21820  1.00081  0.73146  0.23925
  A - 11      8   1.70994  0.24098  0.73938  1.00399  1.19220  1.39639  1.49271  1.49259  1.39578  1.48163  1.93453  2.21570  2.27019
  A - 12     -8   1.70994  2.27017  2.21569  1.93453  1.48163  1.39579  1.49260  1.49271  1.39638  1.19219  1.00397  0.73938  0.24098
  A - 13      8   1.71180  0.23925  0.73148  1.00081  1.21819  1.39058  1.47757  1.47791  1.39177  1.50567  1.92099  2.20668  2.32322
  A - 14     -8   1.71641  2.35104  2.21988  1.92669  1.51398  1.38890  1.46932  1.46990  1.39159  1.23397  1.01228  0.73680  0.24001
 
  B - 06      8   1.71290  0.24099  0.74239  1.01753  1.21501  1.39323  1.47286  1.47182  1.38889  1.49509  1.93829  2.23155  2.31150
  B - 07     -8   1.71006  2.33999  2.21182  1.91996  1.51327  1.38795  1.46166  1.46083  1.38502  1.22648  1.00297  0.72755  0.23807
  B - 08      8   1.71733  0.24006  0.73716  1.01451  1.23730  1.38926  1.46199  1.46134  1.38658  1.51894  1.93290  2.22827  2.35935
  B - 09     -8   1.71386  2.34325  2.21776  1.92797  1.51618  1.38848  1.46546  1.46499  1.38681  1.22746  1.00507  0.73191  0.23922
  B - 10      8   1.71397  0.24112  0.73967  1.00684  1.21665  1.38903  1.47573  1.47544  1.38780  1.50577  1.93645  2.22055  2.32100
  B - 11     -8   1.70926  2.24815  2.22416  1.94844  1.47591  1.39429  1.49457  1.49448  1.39408  1.17976  1.00408  0.74448  0.24225
  B - 12      8   1.70926  0.24225  0.74450  1.00409  1.17975  1.39409  1.49449  1.49458  1.39428  1.47590  1.94845  2.22417  2.24814
  B - 13     -8   1.71397  2.32095  2.22054  1.93646  1.50577  1.38780  1.47546  1.47574  1.38902  1.21662  1.00683  0.73968  0.24112
  B - 14      8   1.71387  0.23923  0.73193  1.00508  1.22745  1.38681  1.46499  1.46546  1.38847  1.51617  1.92800  2.21777  2.34324
  B - 15     -8   1.71733  2.35933  2.22828  1.93293  1.51896  1.38658  1.46133  1.46198  1.38924  1.23728  1.01451  0.73716  0.24006
  B - 16      8   1.71007  0.23807  0.72757  1.00299  1.22648  1.38501  1.46081  1.46164  1.38793  1.51329  1.92002  2.21187  2.34001
  B - 17     -8   1.71291  2.31151  2.23160  1.93834  1.49512  1.38888  1.47179  1.47283  1.39321  1.21501  1.01753  0.74241  0.24099
 
  C - 05      8   1.71305  0.24162  0.74485  1.01837  1.21193  1.39326  1.47485  1.47378  1.38861  1.49306  1.94194  2.23351  2.30542
  C - 06     -8   1.70823  2.29940  2.22238  1.93307  1.49680  1.39055  1.46856  1.46770  1.38738  1.20562  1.00482  0.73189  0.23907
  C - 07      8   1.71473  0.24053  0.73908  1.01525  1.23285  1.38409  1.45548  1.45480  1.38146  1.51704  1.93944  2.23361  2.35193
  C - 08     -8   1.71634  2.35525  2.23534  1.94245  1.52381  1.38389  1.45419  1.45366  1.38216  1.23274  1.01192  0.73595  0.23993
  C - 09      8   1.71770  0.24155  0.74292  1.01561  1.22974  1.38267  1.45773  1.45735  1.38116  1.52027  1.95154  2.24184  2.34906
  C - 10     -8   1.71416  2.30490  2.23701  1.95746  1.50489  1.38328  1.47169  1.47146  1.38262  1.20645  1.00906  0.74586  0.24250
  C - 11      8   1.70820  0.24511  0.75892  1.01099  1.14691  1.39378  1.50217  1.50209  1.39335  1.45296  1.98390  2.25214  2.18519
  C - 12     -8   1.70819  2.18511  2.25213  1.98390  1.45294  1.39336  1.50211  1.50219  1.39377  1.14687  1.01098  0.75892  0.24512
  C - 13      8   1.71416  0.24250  0.74588  1.00906  1.20642  1.38262  1.47148  1.47171  1.38327  1.50487  1.95749  2.23703  2.30485
  C - 14     -8   1.71770  2.34902  2.24185  1.95157  1.52027  1.38115  1.45735  1.45773  1.38266  1.22971  1.01560  0.74292  0.24155
  C - 15      8   1.71635  0.23993  0.73598  1.01193  1.23274  1.38215  1.45365  1.45417  1.38387  1.52382  1.94250  2.23539  2.35526
  C - 16     -8   1.71474  2.35194  2.23366  1.93950  1.51708  1.38145  1.45477  1.45545  1.38407  1.23285  1.01526  0.73909  0.24053
  C - 17      8   1.70824  0.23908  0.73193  1.00486  1.20564  1.38736  1.46766  1.46851  1.39052  1.49683  1.93316  2.22248  2.29945
  C - 18     -8   1.71306  2.30542  2.23360  1.94202  1.49310  1.38858  1.47373  1.47480  1.39322  1.21192  1.01839  0.74487  0.24163
 
  D - 04      8   1.71417  0.24108  0.74127  1.01410  1.22838  1.38934  1.46959  1.46862  1.38505  1.50826  1.93139  2.22207  2.33906
  D - 05     -8   1.70749  2.28697  2.22170  1.93587  1.49236  1.39043  1.47305  1.47222  1.38733  1.19903  1.00344  0.73379  0.23965
  D - 06      8   1.71317  0.24200  0.74582  1.01829  1.20968  1.38585  1.46384  1.46315  1.38320  1.49928  1.95652  2.24683  2.30673
  D - 07     -8   1.71471  2.34819  2.24803  1.95642  1.52326  1.37625  1.44579  1.44525  1.37451  1.22825  1.01557  0.74091  0.24099
  D - 08      8   1.72139  0.24258  0.74914  1.02598  1.23742  1.37407  1.44023  1.43981  1.37247  1.53219  1.97518  2.27013  2.36702
  D - 09     -8   1.72038  2.35296  2.27291  1.98330  1.53055  1.37084  1.44141  1.44111  1.36998  1.22869  1.02356  0.75113  0.24318
  D - 10      8   1.71871  0.24528  0.76031  1.02259  1.20551  1.37137  1.45638  1.45620  1.37058  1.51259  1.99759  2.27692  2.30804
  D - 11     -8   1.71051  2.15956  2.29297  2.02865  1.45024  1.38376  1.49262  1.49256  1.38369  1.13115  1.02244  0.77421  0.24789
  D - 12      8   1.71050  0.24788  0.77422  1.02245  1.13111  1.38369  1.49258  1.49264  1.38376  1.45020  2.02868  2.29299  2.15949
  D - 13     -8   1.71870  2.30795  2.27692  1.99761  1.51257  1.37058  1.45622  1.45641  1.37136  1.20545  1.02258  0.76032  0.24528
  D - 14      8   1.72039  0.24319  0.75116  1.02357  1.22867  1.36997  1.44111  1.44141  1.37082  1.53055  1.98335  2.27294  2.35294
1
 REACTOR FUELLING SIMULATION PROGRAM - INDUSTRY STANDARD TOOLSET VERSION: REL_3.5.5.1    DATE:26-Jan-26                      PAGE  16
 TIME:15:22:02  USER:R FARKAS                                
 *PRINT    C6-ESQUE GENERIC MODEL                                                           RUN TIME      0.938
    FUEL IRRADIATION VALUES IN n/kb                                                           
                                                            BUNDLE POSITION IN CHANNEL
        FUELLING  CHNL AV.
                                 1        2        3        4        5        6        7        8        9       10       11       12
+CHANNEL SCHEME   EXIT IRR
 
  D - 15     -8   1.72139  2.36702  2.27018  1.97524  1.53221  1.37246  1.43978  1.44020  1.37405  1.23740  1.02599  0.74916  0.24258
  D - 16      8   1.71473  0.24100  0.74095  1.01560  1.22827  1.37449  1.44520  1.44574  1.37622  1.52329  1.95652  2.24813  2.34823
  D - 17     -8   1.71318  2.30677  2.24693  1.95662  1.49933  1.38317  1.46308  1.46377  1.38581  1.20969  1.01831  0.74584  0.24201
  D - 18      8   1.70751  0.23967  0.73385  1.00348  1.19905  1.38730  1.47215  1.47298  1.39039  1.49240  1.93600  2.22184  2.28702
  D - 19     -8   1.71418  2.33905  2.22216  1.93150  1.50830  1.38503  1.46857  1.46953  1.38929  1.22836  1.01412  0.74130  0.24109
 
  E - 03      8   1.71299  0.24021  0.73675  1.00984  1.22976  1.38917  1.46926  1.46855  1.38616  1.51000  1.92376  2.21444  2.34259
  E - 04     -8   1.70879  2.31762  2.20918  1.92543  1.50575  1.38704  1.47071  1.47003  1.38459  1.21438  0.99965  0.73190  0.23949
  E - 05      8   1.71116  0.24276  0.74825  1.01439  1.19590  1.38698  1.47431  1.47370  1.38461  1.48892  1.95866  2.24214  2.27999
  E - 06     -8   1.71231  2.28902  2.26091  1.97629  1.49983  1.37813  1.45919  1.45868  1.37648  1.19786  1.01745  0.74951  0.24292
  E - 07      8   1.72079  0.24432  0.75786  1.03286  1.23182  1.36098  1.42935  1.42893  1.35940  1.53373  2.00053  2.29363  2.35975
  E - 08     -8   1.72654  2.38042  2.32127  2.02511  1.55005  1.35362  1.41472  1.41439  1.35272  1.24001  1.04118  0.76274  0.24510
  E - 09      8   1.72910  0.24690  0.77213  1.04861  1.23829  1.34623  1.40910  1.40886  1.34531  1.55282  2.04817  2.34262  2.37972
  E - 10     -8   1.72680  2.33285  2.34725  2.06440  1.53690  1.34518  1.42153  1.42139  1.34489  1.21299  1.04585  0.77980  0.24854
  E - 11      8   1.71911  0.25116  0.79559  1.04713  1.13807  1.35935  1.45849  1.45844  1.35904  1.47274  2.09739  2.36448  2.18298
  E - 12     -8   1.71911  2.18288  2.36448  2.09741  1.47271  1.35904  1.45846  1.45851  1.35935  1.13803  1.04712  0.79559  0.25116
  E - 13      8   1.72680  0.24854  0.77983  1.04585  1.21295  1.34489  1.42141  1.42155  1.34517  1.53687  2.06444  2.34727  2.33277
  E - 14     -8   1.72911  2.37969  2.34266  2.04823  1.55282  1.34529  1.40885  1.40909  1.34621  1.23827  1.04861  0.77215  0.24690
  E - 15      8   1.72655  0.24512  0.76278  1.04121  1.24002  1.35270  1.41435  1.41467  1.35359  1.55008  2.02521  2.32136  2.38045
  E - 16     -8   1.72080  2.35980  2.29375  2.00065  1.53379  1.35936  1.42885  1.42927  1.36094  1.23183  1.03290  0.75789  0.24433
  E - 17      8   1.71234  0.24293  0.74956  1.01751  1.19790  1.37643  1.45858  1.45909  1.37808  1.49990  1.97645  2.26108  2.28911
  E - 18     -8   1.71118  2.28002  2.24228  1.95881  1.48898  1.38456  1.47362  1.47423  1.38693  1.19589  1.01442  0.74829  0.24278
  E - 19      8   1.70882  0.23952  0.73198  0.99971  1.21439  1.38455  1.46997  1.47064  1.38698  1.50580  1.92561  2.20934  2.31765
  E - 20     -8   1.71299  2.34255  2.21452  1.92388  1.51004  1.38612  1.46850  1.46920  1.38912  1.22972  1.00983  0.73678  0.24022
 
  F - 03     -8   1.71051  2.32983  2.20884  1.92279  1.50898  1.38731  1.47026  1.46983  1.38624  1.22188  1.00324  0.73346  0.23973
  F - 04      8   1.71074  0.24190  0.74263  1.00598  1.20816  1.38509  1.47495  1.47450  1.38343  1.49975  1.94155  2.22173  2.30490
  F - 05     -8   1.70777  2.22566  2.25151  1.97854  1.47211  1.38489  1.48315  1.48273  1.38360  1.16641  1.01109  0.75414  0.24416
  F - 06      8   1.71493  0.24655  0.76824  1.02996  1.17949  1.36917  1.45871  1.45833  1.36776  1.49062  2.01982  2.29883  2.25624
  F - 07     -8   1.72939  2.38414  2.37354  2.07963  1.56192  1.31933  1.39918  1.39887  1.31850  1.23807  1.05805  0.78060  0.24822
  F - 08      8   1.74089  0.25018  0.79458  1.08115  1.26058  1.30280  1.36842  1.36817  1.30188  1.59102  2.12789  2.43149  2.43546
  F - 09     -8   1.79970  2.53789  2.56342  2.24755  1.65963  1.31182  1.38301  1.38283  1.31147  1.30252  1.12786  0.82840  0.25441
  F - 10      8   1.79940  0.25587  0.83935  1.13038  1.28318  1.30893  1.38946  1.38935  1.30840  1.64826  2.27082  2.57810  2.50190
  F - 11     -8   1.78931  2.34551  2.57486  2.28442  1.57903  1.33596  1.42938  1.42934  1.33601  1.20589  1.12384  0.84860  0.25697
  F - 12      8   1.78931  0.25697  0.84862  1.12385  1.20585  1.33601  1.42936  1.42939  1.33596  1.57900  2.28446  2.57489  2.34544
  F - 13     -8   1.79940  2.50182  2.57811  2.27085  1.64825  1.30840  1.38936  1.38947  1.30893  1.28313  1.13037  0.83936  0.25587
  F - 14      8   1.79972  0.25442  0.82845  1.12789  1.30252  1.31144  1.38279  1.38297  1.31178  1.65966  2.24767  2.56353  2.53790
  F - 15     -8   1.74091  2.43551  2.43163  2.12802  1.59108  1.30184  1.36809  1.36833  1.30275  1.26058  1.08119  0.79462  0.25019
  F - 16      8   1.72942  0.24823  0.78066  1.05813  1.23812  1.31844  1.39874  1.39905  1.31926  1.56202  2.07983  2.37375  2.38427
  F - 17     -8   1.71496  2.25638  2.29905  2.02002  1.49074  1.36769  1.45819  1.45856  1.36909  1.17954  1.03002  0.76830  0.24656
  F - 18      8   1.70780  0.24418  0.75423  1.01117  1.16641  1.38354  1.48262  1.48305  1.38481  1.47217  1.97878  2.25174  2.22571
  F - 19     -8   1.71075  2.30486  2.22187  1.94173  1.49980  1.38338  1.47443  1.47488  1.38502  1.20810  1.00600  0.74268  0.24192
  F - 20      8   1.71054  0.23976  0.73358  1.00331  1.22187  1.38621  1.46977  1.47020  1.38725  1.50902  1.92301  2.20903  2.32985
 
  G - 02     -8   1.71201  2.34433  2.21066  1.91952  1.51286  1.38810  1.46654  1.46626  1.38783  1.23040  1.00717  0.73277  0.23931
  G - 03      8   1.71089  0.24047  0.73631  1.00418  1.21951  1.38596  1.47032  1.47002  1.38496  1.50724  1.92873  2.21350  2.32638
1
 REACTOR FUELLING SIMULATION PROGRAM - INDUSTRY STANDARD TOOLSET VERSION: REL_3.5.5.1    DATE:26-Jan-26                      PAGE  17
 TIME:15:22:02  USER:R FARKAS                                
 *PRINT    C6-ESQUE GENERIC MODEL                                                           RUN TIME      0.938
    FUEL IRRADIATION VALUES IN n/kb                                                           
                                                            BUNDLE POSITION IN CHANNEL
        FUELLING  CHNL AV.
                                 1        2        3        4        5        6        7        8        9       10       11       12
+CHANNEL SCHEME   EXIT IRR
 
  G - 04     -8   1.70913  2.27861  2.22588  1.95248  1.49302  1.38294  1.47913  1.47883  1.38216  1.19359  1.00368  0.74612  0.24281
  G - 05      8   1.70596  0.24729  0.77048  1.01793  1.12678  1.38668  1.49804  1.49775  1.38560  1.44099  2.01355  2.27726  2.14780
  G - 06     -8   1.71257  2.18054  2.32824  2.06014  1.46560  1.36631  1.46720  1.46694  1.36560  1.13917  1.03466  0.78256  0.24915
  G - 07      8   1.78969  0.25359  0.81873  1.10347  1.26830  1.34260  1.42627  1.42604  1.34168  1.61734  2.20036  2.50133  2.46189
  G - 08     -8   1.79954  2.52904  2.56673  2.25301  1.65718  1.31684  1.37860  1.37842  1.31647  1.29764  1.12816  0.83074  0.25478
  G - 09      8   1.80894  0.25672  0.85016  1.15415  1.31402  1.28566  1.34548  1.34535  1.28506  1.68581  2.31602  2.63773  2.57039
  G - 10     -8   1.80962  2.55407  2.65463  2.33776  1.68432  1.28016  1.34298  1.34290  1.28013  1.30418  1.15773  0.85846  0.25759
  G - 11      8   1.80283  0.25790  0.86024  1.14893  1.26182  1.30321  1.36824  1.36821  1.30292  1.64380  2.33223  2.63772  2.46628
  G - 12     -8   1.80282  2.46625  2.63773  2.33225  1.64380  1.30292  1.36821  1.36824  1.30319  1.26180  1.14893  0.86026  0.25790
  G - 13      8   1.80962  0.25760  0.85849  1.15774  1.30416  1.28013  1.34289  1.34297  1.28015  1.68431  2.33782  2.65467  2.55403
  G - 14     -8   1.80895  2.57042  2.63788  2.31618  1.68586  1.28501  1.34527  1.34541  1.28560  1.31403  1.15419  0.85021  0.25672
  G - 15      8   1.79956  0.25478  0.83081  1.12824  1.29767  1.31642  1.37829  1.37847  1.31677  1.65726  2.25322  2.56695  2.52914
  G - 16     -8   1.78973  2.46208  2.50162  2.20063  1.61748  1.34158  1.42585  1.42607  1.34250  1.26837  1.10357  0.81882  0.25360
  G - 17      8   1.71262  0.24917  0.78265  1.03476  1.13926  1.36550  1.46674  1.46701  1.36620  1.46576  2.06043  2.32853  2.18077
  G - 18     -8   1.70598  2.14774  2.27752  2.01385  1.44104  1.38553  1.49764  1.49793  1.38659  1.12672  1.01799  0.77058  0.24731
  G - 19      8   1.70916  0.24284  0.74625  1.00375  1.19354  1.38210  1.47876  1.47906  1.38287  1.49306  1.95277  2.22611  2.27854
  G - 20     -8   1.71088  2.32627  2.21356  1.92887  1.50728  1.38492  1.46997  1.47026  1.38589  1.21942  1.00414  0.73634  0.24048
  G - 21      8   1.74163  0.24097  0.74225  1.02256  1.24982  1.40991  1.48954  1.48983  1.41015  1.53874  1.95471  2.25255  2.38764
 
  H - 02      8   1.71279  0.23960  0.73412  1.00909  1.23209  1.38768  1.46379  1.46352  1.38636  1.51391  1.92322  2.21553  2.34829
  H - 03     -8   1.71115  2.32483  2.21896  1.93528  1.50938  1.38363  1.46714  1.46691  1.38305  1.21803  1.00505  0.73781  0.24080
  H - 04      8   1.71075  0.24404  0.75232  1.00854  1.19194  1.37930  1.47576  1.47554  1.37847  1.49368  1.96693  2.23952  2.27682
  H - 05     -8   1.70631  2.13102  2.29397  2.03468  1.43907  1.38100  1.49521  1.49501  1.38054  1.11651  1.02099  0.77741  0.24857
  H - 06      8   1.71475  0.25114  0.79463  1.04300  1.13035  1.35926  1.46214  1.46197  1.35859  1.46428  2.09063  2.35471  2.16641
  H - 07     -8   1.79203  2.45849  2.52870  2.23106  1.62347  1.33277  1.41470  1.41454  1.33250  1.26402  1.11075  0.82854  0.25489
  H - 08      8   1.80392  0.25624  0.84350  1.14061  1.29975  1.30549  1.36150  1.36137  1.30490  1.66768  2.28914  2.60310  2.53820
  H - 09     -8   1.81333  2.58318  2.67719  2.35398  1.69966  1.27244  1.32397  1.32388  1.27236  1.31744  1.16689  0.86206  0.25781
  H - 10      8   1.81515  0.25859  0.87111  1.17322  1.31288  1.26641  1.31732  1.31725  1.26603  1.70178  2.37676  2.69835  2.57730
  H - 11     -8   1.80893  2.50333  2.67950  2.36754  1.66755  1.28832  1.33838  1.33836  1.28846  1.27738  1.16411  0.87053  0.25866
  H - 12      8   1.80893  0.25866  0.87055  1.16412  1.27738  1.28845  1.33836  1.33837  1.28831  1.66755  2.36757  2.67953  2.50331
  H - 13     -8   1.81515  2.57727  2.69840  2.37683  1.70179  1.26602  1.31723  1.31729  1.26640  1.31286  1.17323  0.87113  0.25858
  H - 14      8   1.81336  0.25782  0.86213  1.16696  1.31745  1.27229  1.32378  1.32387  1.27237  1.69973  2.35418  2.67739  2.58325
  H - 15     -8   1.80395  2.53831  2.60335  2.28939  1.66779  1.30483  1.36121  1.36134  1.30541  1.29978  1.14070  0.84358  0.25624
  H - 16      8   1.79208  0.25490  0.82864  1.11088  1.26411  1.33238  1.41432  1.41447  1.33266  1.62364  2.23139  2.52906  2.45873
  H - 17     -8   1.71480  2.16664  2.35504  2.09096  1.46447  1.35846  1.46175  1.46192  1.35914  1.13043  1.04310  0.79473  0.25116
  H - 18      8   1.70634  0.24860  0.77755  1.02109  1.11644  1.38046  1.49489  1.49509  1.38091  1.43912  2.03506  2.29430  2.13093
  H - 19     -8   1.71077  2.27667  2.23976  1.96725  1.49371  1.37839  1.47548  1.47569  1.37921  1.19183  1.00859  0.75244  0.24407
  H - 20      8   1.71115  0.24082  0.73791  1.00505  1.21795  1.38299  1.46685  1.46708  1.38356  1.50942  1.93550  2.21909  2.32474
  H - 21     -8   1.74240  2.39164  2.25737  1.95840  1.53983  1.40840  1.48675  1.48702  1.40974  1.25150  1.02443  0.74359  0.24126
 
  J - 01      8   1.71418  0.23930  0.73429  1.01338  1.23845  1.38876  1.46042  1.46014  1.38700  1.51659  1.92257  2.21934  2.35858
  J - 02     -8   1.71211  2.34887  2.21679  1.92432  1.51628  1.38603  1.45967  1.45946  1.38543  1.23142  1.00729  0.73180  0.23909
  J - 03      8   1.71328  0.24149  0.74179  1.01096  1.22216  1.38077  1.46034  1.46017  1.37997  1.51352  1.94585  2.23209  2.33356
  J - 04     -8   1.71279  2.28675  2.25732  1.98238  1.50163  1.37296  1.46440  1.46425  1.37265  1.19566  1.01427  0.75572  0.24456
  J - 05      8   1.71103  0.24988  0.78648  1.03379  1.12468  1.36900  1.47762  1.47749  1.36846  1.45228  2.06457  2.32786  2.15099
  J - 06     -8   1.77386  2.25778  2.47031  2.19510  1.52424  1.38563  1.48623  1.48611  1.38545  1.16816  1.08458  0.82394  0.25464
1
 REACTOR FUELLING SIMULATION PROGRAM - INDUSTRY STANDARD TOOLSET VERSION: REL_3.5.5.1    DATE:26-Jan-26                      PAGE  18
 TIME:15:22:02  USER:R FARKAS                                
 *PRINT    C6-ESQUE GENERIC MODEL                                                           RUN TIME      0.938
    FUEL IRRADIATION VALUES IN n/kb                                                           
                                                            BUNDLE POSITION IN CHANNEL
        FUELLING  CHNL AV.
                                 1        2        3        4        5        6        7        8        9       10       11       12
+CHANNEL SCHEME   EXIT IRR
 
  J - 07      8   1.79574  0.25590  0.83774  1.12122  1.26786  1.32397  1.39995  1.39985  1.32346  1.63292  2.25843  2.55760  2.46972
  J - 08     -8   1.74510  2.45110  2.53141  2.23010  1.61914  1.25765  1.30697  1.30689  1.25757  1.26071  1.11280  0.82720  0.25478
  J - 09      8   1.75466  0.25672  0.84666  1.13930  1.27784  1.22622  1.27130  1.27124  1.22584  1.64958  2.29479  2.60397  2.49430
  J - 10     -8   1.75606  2.48413  2.62426  2.31871  1.65076  1.21970  1.26557  1.26554  1.21979  1.27090  1.14455  0.85548  0.25763
  J - 11      8   1.74986  0.25787  0.85650  1.13625  1.23327  1.24154  1.28761  1.28760  1.24131  1.61444  2.31241  2.60798  2.40601
  J - 12     -8   1.74986  2.40599  2.60800  2.31245  1.61444  1.24130  1.28760  1.28761  1.24153  1.23325  1.13625  0.85651  0.25787
  J - 13      8   1.75606  0.25763  0.85552  1.14456  1.27087  1.21978  1.26552  1.26555  1.21968  1.65077  2.31879  2.62433  2.48409
  J - 14     -8   1.75468  2.49436  2.60418  2.29501  1.64966  1.22577  1.27113  1.27119  1.22615  1.27784  1.13937  0.84673  0.25673
  J - 15      8   1.74514  0.25479  0.82729  1.11289  1.26075  1.25749  1.30673  1.30680  1.25757  1.61925  2.23037  2.53168  2.45122
  J - 16     -8   1.79579  2.46994  2.55797  2.25878  1.63310  1.32333  1.39961  1.39972  1.32385  1.26794  1.12135  0.83785  0.25591
  J - 17      8   1.77391  0.25466  0.82407  1.08471  1.16824  1.38532  1.48587  1.48598  1.38549  1.52444  2.19549  2.47069  2.25802
  J - 18     -8   1.71107  2.15088  2.32823  2.06500  1.45234  1.36836  1.47735  1.47748  1.36889  1.12458  1.03389  0.78664  0.24991
  J - 19      8   1.71282  0.24460  0.75588  1.01434  1.19557  1.37255  1.46416  1.46431  1.37285  1.50168  1.98276  2.25762  2.28662
  J - 20     -8   1.71330  2.33347  2.23228  1.94612  1.51358  1.37990  1.46009  1.46026  1.38069  1.22208  1.01098  0.74188  0.24153
  J - 21      8   1.74168  0.24074  0.74117  1.02255  1.25080  1.40745  1.48262  1.48283  1.40805  1.54223  1.95947  2.25860  2.39222
  J - 22     -8   1.74386  2.40253  2.26123  1.95774  1.54256  1.40906  1.48331  1.48361  1.41087  1.25802  1.02885  0.74377  0.24097
 
  K - 01     -8   1.71273  2.35775  2.21688  1.92004  1.51790  1.38746  1.45743  1.45727  1.38713  1.23697  1.00949  0.72997  0.23838
  K - 02      8   1.71395  0.23963  0.73500  1.01243  1.23554  1.38474  1.45505  1.45492  1.38396  1.51915  1.93112  2.22607  2.35655
  K - 03     -8   1.71462  2.34381  2.24336  1.95390  1.51983  1.37708  1.45108  1.45098  1.37689  1.22661  1.01478  0.74246  0.24144
  K - 04      8   1.71724  0.24514  0.76050  1.02595  1.20929  1.36384  1.44547  1.44538  1.36339  1.51658  2.00232  2.28495  2.31596
  K - 05     -8   1.72243  2.22930  2.39849  2.12150  1.49661  1.33069  1.43613  1.43605  1.33062  1.15958  1.06153  0.79981  0.25142
  K - 06      8   1.78601  0.25608  0.83992  1.11473  1.20314  1.34650  1.44365  1.44358  1.34613  1.56877  2.25689  2.54684  2.33569
  K - 07     -8   1.79981  2.49444  2.58700  2.28219  1.64819  1.31322  1.38014  1.38008  1.31325  1.27847  1.13223  0.84346  0.25638
  K - 08      8   1.74747  0.25535  0.83247  1.11946  1.26419  1.25247  1.29668  1.29664  1.25216  1.62577  2.24650  2.54934  2.46018
  K - 09     -8   1.75589  2.49361  2.61726  2.30943  1.65283  1.22176  1.26521  1.26518  1.22185  1.27628  1.14301  0.85171  0.25724
  K - 10      8   1.75679  0.25836  0.86350  1.14802  1.26202  1.21582  1.26425  1.26423  1.21555  1.64843  2.33790  2.63904  2.46908
  K - 11     -8   1.74871  2.34834  2.63049  2.34397  1.59437  1.24021  1.29597  1.29596  1.24037  1.20230  1.14068  0.86985  0.25896
  K - 12      8   1.74871  0.25896  0.86988  1.14069  1.20226  1.24036  1.29596  1.29597  1.24020  1.59435  2.34403  2.63053  2.34828
  K - 13     -8   1.75679  2.46900  2.63910  2.33800  1.64843  1.21554  1.26421  1.26423  1.21580  1.26197  1.14803  0.86354  0.25837
  K - 14      8   1.75592  0.25725  0.85180  1.14308  1.27628  1.22177  1.26507  1.26510  1.22168  1.65291  2.30967  2.61748  2.49365
  K - 15     -8   1.74750  2.46026  2.54961  2.24678  1.62588  1.25207  1.29648  1.29652  1.25239  1.26422  1.11954  0.83256  0.25536
  K - 16      8   1.79986  0.25639  0.84359  1.13236  1.27853  1.31313  1.37986  1.37991  1.31308  1.64836  2.28255  2.58737  2.49463
  K - 17     -8   1.78606  2.33588  2.54721  2.25729  1.56896  1.34601  1.44334  1.44341  1.34637  1.20320  1.11484  0.84006  0.25609
  K - 18      8   1.72247  0.25145  0.80001  1.06166  1.15951  1.33048  1.43588  1.43596  1.33055  1.49669  2.12202  2.39895  2.22923
  K - 19     -8   1.71727  2.31587  2.28532  2.00277  1.51666  1.36327  1.44524  1.44533  1.36371  1.20920  1.02605  0.76067  0.24518
  K - 20      8   1.71463  0.24147  0.74257  1.01481  1.22654  1.37680  1.45086  1.45097  1.37699  1.51991  1.95420  2.24358  2.34376
  K - 21     -8   1.74360  2.40035  2.26805  1.96645  1.54518  1.40594  1.47798  1.47812  1.40675  1.25502  1.02784  0.74447  0.24129
  K - 22      8   1.74234  0.24002  0.73924  1.02476  1.25646  1.40920  1.48038  1.48055  1.40954  1.54386  1.95503  2.25860  2.40159
 
  L - 01      8   1.71383  0.23871  0.73194  1.01258  1.23946  1.38717  1.45531  1.45524  1.38654  1.51920  1.92343  2.22171  2.36207
  L - 02     -8   1.71418  2.36024  2.22933  1.93291  1.52144  1.38343  1.45132  1.45128  1.38351  1.23717  1.01327  0.73435  0.23939
  L - 03      8   1.71638  0.24142  0.74340  1.01956  1.23348  1.37506  1.44298  1.44293  1.37473  1.52570  1.95923  2.25298  2.35743
  L - 04     -8   1.72049  2.35241  2.29881  2.00776  1.53330  1.35812  1.42770  1.42767  1.35818  1.22719  1.03284  0.75942  0.24463
  L - 05      8   1.73083  0.25033  0.79437  1.07105  1.21675  1.31409  1.39717  1.39714  1.31385  1.54853  2.11885  2.41180  2.34517
  L - 06     -8   1.79399  2.44908  2.55957  2.25392  1.62004  1.32966  1.40493  1.40491  1.32979  1.25912  1.12361  0.83394  0.25523
1
 REACTOR FUELLING SIMULATION PROGRAM - INDUSTRY STANDARD TOOLSET VERSION: REL_3.5.5.1    DATE:26-Jan-26                      PAGE  19
 TIME:15:22:02  USER:R FARKAS                                
 *PRINT    C6-ESQUE GENERIC MODEL                                                           RUN TIME      0.938
    FUEL IRRADIATION VALUES IN n/kb                                                           
                                                            BUNDLE POSITION IN CHANNEL
        FUELLING  CHNL AV.
                                 1        2        3        4        5        6        7        8        9       10       11       12
+CHANNEL SCHEME   EXIT IRR
 
  L - 07      8   1.80316  0.25624  0.84362  1.13957  1.29517  1.30789  1.36323  1.36321  1.30763  1.66370  2.28907  2.60168  2.52885
  L - 08     -8   1.74873  2.46904  2.55825  2.25323  1.63083  1.24961  1.28959  1.28957  1.24975  1.26814  1.12293  0.83384  0.25545
  L - 09      8   1.75657  0.25751  0.85456  1.14509  1.27533  1.22000  1.26255  1.26254  1.21977  1.65396  2.31691  2.62405  2.49277
  L - 10     -8   1.75659  2.45262  2.64609  2.34924  1.64404  1.21382  1.26645  1.26644  1.21400  1.25299  1.14890  0.86856  0.25879
  L - 11      8   1.74650  0.25968  0.88094  1.14333  1.16968  1.24194  1.30836  1.30835  1.24176  1.57067  2.36835  2.64693  2.28569
  L - 12     -8   1.74650  2.28558  2.64698  2.36841  1.57064  1.24175  1.30837  1.30837  1.24193  1.16962  1.14333  0.88097  0.25967
  L - 13      8   1.75659  0.25879  0.86861  1.14891  1.25292  1.21399  1.26644  1.26645  1.21380  1.64402  2.34935  2.64617  2.45252
  L - 14     -8   1.75659  2.49278  2.62427  2.31715  1.65403  1.21969  1.26244  1.26246  1.21992  1.27532  1.14515  0.85465  0.25752
  L - 15      8   1.74876  0.25546  0.83393  1.12301  1.26814  1.24966  1.28943  1.28944  1.24953  1.63092  2.25352  2.55852  2.46911
  L - 16     -8   1.80320  2.52897  2.60205  2.28945  1.66385  1.30751  1.36301  1.36302  1.30777  1.29520  1.13968  0.84375  0.25626
  L - 17      8   1.79403  0.25525  0.83409  1.12373  1.25912  1.32967  1.40469  1.40471  1.32953  1.62019  2.25434  2.55996  2.44919
  L - 18     -8   1.73088  2.34522  2.41227  2.11937  1.54868  1.31368  1.39692  1.39695  1.31393  1.21673  1.07119  0.79454  0.25036
  L - 19      8   1.72054  0.24467  0.75959  1.03296  1.22715  1.35803  1.42748  1.42751  1.35797  1.53343  2.00823  2.29923  2.35243
  L - 20     -8   1.71641  2.35744  2.25324  1.95957  1.52581  1.37463  1.44279  1.44283  1.37495  1.23344  1.01960  0.74353  0.24145
  L - 21      8   1.74385  0.24104  0.74381  1.02869  1.25668  1.40549  1.47426  1.47431  1.40539  1.54751  1.96825  2.27133  2.40422
  L - 22     -8   1.74350  2.40616  2.26354  1.95853  1.54521  1.40859  1.47831  1.47838  1.40925  1.25903  1.02796  0.74130  0.24037
 
  M - 01     -8   1.71395  2.36321  2.22248  1.92370  1.51965  1.38648  1.45448  1.45454  1.38710  1.24007  1.01299  0.73187  0.23866
  M - 02      8   1.71441  0.23928  0.73414  1.01398  1.23845  1.38345  1.44989  1.44993  1.38334  1.52230  1.93316  2.23057  2.36263
  M - 03     -8   1.71685  2.36353  2.25493  1.95899  1.52799  1.37460  1.43990  1.43994  1.37491  1.23673  1.02086  0.74266  0.24115
  M - 04      8   1.72146  0.24410  0.75749  1.03498  1.23513  1.35775  1.42148  1.42150  1.35767  1.53910  2.00577  2.30115  2.36726
  M - 05     -8   1.73253  2.37641  2.41243  2.11224  1.56097  1.31259  1.38639  1.38641  1.31282  1.23320  1.07350  0.79005  0.24946
  M - 06      8   1.79574  0.25454  0.82933  1.12586  1.27555  1.32878  1.39449  1.39451  1.32864  1.63224  2.24656  2.55949  2.48123
  M - 07     -8   1.80393  2.54294  2.60247  2.28572  1.66860  1.30766  1.35804  1.35806  1.30791  1.30252  1.14109  0.84123  0.25590
  M - 08      8   1.74901  0.25530  0.83299  1.12371  1.27063  1.24986  1.28768  1.28769  1.24972  1.63228  2.25221  2.55897  2.47370
  M - 09     -8   1.75660  2.49341  2.62430  2.31674  1.65406  1.21988  1.26217  1.26218  1.22011  1.27570  1.14528  0.85436  0.25748
  M - 10      8   1.75645  0.25884  0.86908  1.14885  1.25140  1.21403  1.26733  1.26733  1.21385  1.64284  2.35022  2.64650  2.44952
  M - 11     -8   1.74602  2.27520  2.64836  2.37137  1.56653  1.24218  1.31108  1.31108  1.24236  1.16430  1.14327  0.88249  0.25976
  M - 12      8   1.74602  0.25976  0.88252  1.14328  1.16423  1.24235  1.31110  1.31109  1.24217  1.56649  2.37144  2.64840  2.27508
  M - 13     -8   1.75645  2.44940  2.64656  2.35033  1.64283  1.21383  1.26733  1.26733  1.21402  1.25133  1.14886  0.86913  0.25884
  M - 14      8   1.75663  0.25748  0.85445  1.14534  1.27569  1.22003  1.26209  1.26207  1.21980  1.65412  2.31698  2.62451  2.49341
  M - 15     -8   1.74904  2.47374  2.55923  2.25250  1.63237  1.24963  1.28755  1.28753  1.24977  1.27063  1.12379  0.83309  0.25531
  M - 16      8   1.80397  0.25591  0.84137  1.14120  1.30254  1.30778  1.35786  1.35785  1.30753  1.66873  2.28611  2.60284  2.54305
  M - 17     -8   1.79579  2.48132  2.55988  2.24698  1.63239  1.32852  1.39430  1.39428  1.32866  1.27555  1.12598  0.82948  0.25457
  M - 18      8   1.73258  0.24949  0.79021  1.07364  1.23319  1.31265  1.38619  1.38616  1.31242  1.56113  2.11274  2.41289  2.37649
  M - 19     -8   1.72151  2.36731  2.30157  2.00623  1.53924  1.35753  1.42130  1.42127  1.35761  1.23512  1.03510  0.75765  0.24413
  M - 20      8   1.71688  0.24118  0.74278  1.02091  1.23670  1.37481  1.43977  1.43974  1.37451  1.52810  1.95933  2.25520  2.36357
  M - 21     -8   1.74408  2.40674  2.27259  1.96849  1.54839  1.40531  1.47289  1.47285  1.40542  1.25799  1.02942  0.74360  0.24093
  M - 22      8   1.74362  0.24031  0.74123  1.02838  1.25965  1.40918  1.47760  1.47754  1.40853  1.54566  1.95880  2.26432  2.40737
 
  N - 01      8   1.71306  0.23824  0.72981  1.01057  1.23860  1.38698  1.45529  1.45544  1.38729  1.51902  1.92075  2.21892  2.36081
  N - 02     -8   1.71451  2.36272  2.22920  1.93170  1.52143  1.38377  1.45132  1.45145  1.38453  1.23884  1.01421  0.73441  0.23934
  N - 03      8   1.71593  0.24073  0.74053  1.01823  1.23558  1.37647  1.44286  1.44296  1.37662  1.52617  1.95315  2.24841  2.36077
  N - 04     -8   1.72026  2.36352  2.28994  1.99533  1.53516  1.36152  1.42730  1.42737  1.36194  1.23391  1.03133  0.75462  0.24359
  N - 05      8   1.72970  0.24851  0.78371  1.06531  1.22950  1.32151  1.39699  1.39705  1.32154  1.55308  2.09134  2.38957  2.36651
  N - 06     -8   1.79290  2.47140  2.53564  2.22428  1.62362  1.33801  1.40590  1.40595  1.33837  1.27223  1.11765  0.82272  0.25377
1
 REACTOR FUELLING SIMULATION PROGRAM - INDUSTRY STANDARD TOOLSET VERSION: REL_3.5.5.1    DATE:26-Jan-26                      PAGE  20
 TIME:15:22:02  USER:R FARKAS                                
 *PRINT    C6-ESQUE GENERIC MODEL                                                           RUN TIME      0.938
    FUEL IRRADIATION VALUES IN n/kb                                                           
                                                            BUNDLE POSITION IN CHANNEL
        FUELLING  CHNL AV.
                                 1        2        3        4        5        6        7        8        9       10       11       12
+CHANNEL SCHEME   EXIT IRR
 
  N - 07      8   1.80218  0.25538  0.83661  1.13609  1.30111  1.31274  1.36503  1.36508  1.31268  1.66394  2.27181  2.58798  2.53818
  N - 08     -8   1.74819  2.47281  2.55100  2.24363  1.62982  1.25240  1.29156  1.29160  1.25269  1.27091  1.12138  0.83014  0.25493
  N - 09      8   1.75602  0.25714  0.85122  1.14367  1.27744  1.22215  1.26409  1.26412  1.22204  1.65316  2.30900  2.61806  2.49558
  N - 10     -8   1.75641  2.46027  2.64047  2.34067  1.64492  1.21583  1.26649  1.26651  1.21609  1.25758  1.14807  0.86479  0.25846
  N - 11      8   1.74680  0.25931  0.87546  1.14241  1.17978  1.24350  1.30562  1.30563  1.24335  1.57587  2.35685  2.63965  2.30395
  N - 12     -8   1.74680  2.30385  2.63969  2.35691  1.57585  1.24334  1.30564  1.30564  1.24349  1.17973  1.14242  0.87549  0.25931
  N - 13      8   1.75641  0.25846  0.86484  1.14808  1.25753  1.21608  1.26649  1.26648  1.21581  1.64491  2.34077  2.64053  2.46017
  N - 14     -8   1.75605  2.49560  2.61827  2.30923  1.65323  1.22195  1.26403  1.26400  1.22206  1.27742  1.14373  0.85130  0.25715
  N - 15      8   1.74822  0.25495  0.83024  1.12146  1.27091  1.25261  1.29145  1.29142  1.25231  1.62991  2.24392  2.55127  2.47286
  N - 16     -8   1.80223  2.53828  2.58835  2.27220  1.66408  1.31256  1.36488  1.36484  1.31262  1.30113  1.13620  0.83674  0.25540
  N - 17      8   1.79294  0.25379  0.82286  1.11775  1.27223  1.33825  1.40575  1.40569  1.33790  1.62376  2.22468  2.53601  2.47147
  N - 18     -8   1.72975  2.36657  2.38999  2.09180  1.55322  1.32139  1.39685  1.39679  1.32137  1.22949  1.06543  0.78387  0.24854
  N - 19      8   1.72030  0.24363  0.75477  1.03144  1.23389  1.36180  1.42720  1.42712  1.36139  1.53529  1.99575  2.29031  2.36356
  N - 20     -8   1.71595  2.36079  2.24864  1.95344  1.52628  1.37653  1.44282  1.44272  1.37637  1.23554  1.01827  0.74062  0.24077
  N - 21      8   1.74420  0.24099  0.74389  1.02966  1.25839  1.40653  1.47444  1.47431  1.40575  1.54750  1.96702  2.27121  2.40683
  N - 22     -8   1.74269  2.40481  2.26067  1.95574  1.54500  1.40937  1.47852  1.47836  1.40904  1.25813  1.02586  0.73907  0.23988
 
  O - 01     -8   1.71455  2.36206  2.22175  1.92345  1.51792  1.38681  1.45780  1.45808  1.38854  1.24030  1.01461  0.73410  0.23915
  O - 02      8   1.71278  0.23877  0.73124  1.00938  1.23516  1.38521  1.45538  1.45558  1.38576  1.51882  1.92512  2.22049  2.35590
  O - 03     -8   1.71472  2.35195  2.23778  1.94524  1.52039  1.37949  1.45127  1.45143  1.38024  1.23177  1.01472  0.73969  0.24073
  O - 04      8   1.71614  0.24294  0.74979  1.02032  1.22165  1.37064  1.44489  1.44502  1.37090  1.52125  1.97576  2.26347  2.33719
  O - 05     -8   1.71912  2.29428  2.32122  2.03593  1.51127  1.35857  1.43624  1.43635  1.35907  1.19693  1.03847  0.77062  0.24679
  O - 06      8   1.78120  0.25209  0.80729  1.08863  1.23894  1.37671  1.44659  1.44669  1.37681  1.58087  2.16416  2.46163  2.39618
  O - 07     -8   1.79824  2.51474  2.55933  2.24828  1.64928  1.32289  1.38397  1.38406  1.32335  1.29112  1.12543  0.83076  0.25482
  O - 08      8   1.74593  0.25431  0.82481  1.11507  1.26801  1.25782  1.30130  1.30137  1.25785  1.62348  2.22729  2.53356  2.46479
  O - 09     -8   1.75487  2.49818  2.60486  2.29382  1.65055  1.22615  1.26944  1.26949  1.22650  1.28000  1.14015  0.84575  0.25656
  O - 10      8   1.75604  0.25760  0.85547  1.14483  1.27066  1.21993  1.26557  1.26560  1.21983  1.65024  2.31891  2.62480  2.48347
  O - 11     -8   1.74952  2.39859  2.60932  2.31434  1.61125  1.24190  1.28931  1.28932  1.24213  1.22959  1.13650  0.85732  0.25793
  O - 12      8   1.74952  0.25793  0.85734  1.13651  1.22957  1.24212  1.28932  1.28931  1.24190  1.61125  2.31438  2.60935  2.39856
  O - 13     -8   1.75605  2.48343  2.62486  2.31900  1.65024  1.21982  1.26558  1.26555  1.21991  1.27063  1.14484  0.85551  0.25760
  O - 14      8   1.75490  0.25657  0.84582  1.14020  1.27999  1.22643  1.26939  1.26934  1.22608  1.65062  2.29404  2.60506  2.49822
  O - 15     -8   1.74596  2.46486  2.53382  2.22756  1.62358  1.25777  1.30123  1.30116  1.25773  1.26801  1.11515  0.82491  0.25433
  O - 16      8   1.79828  0.25485  0.83088  1.12556  1.29115  1.32323  1.38386  1.38378  1.32277  1.64942  2.24864  2.55969  2.51486
  O - 17     -8   1.78125  2.39628  2.46200  2.16456  1.58101  1.37669  1.44649  1.44640  1.37658  1.23896  1.08874  0.80743  0.25211
  O - 18      8   1.71915  0.24682  0.77076  1.03857  1.19689  1.35895  1.43620  1.43608  1.35845  1.51136  2.03632  2.32156  2.29427
  O - 19     -8   1.71617  2.33717  2.26377  1.97612  1.52134  1.37080  1.44489  1.44476  1.37053  1.22160  1.02040  0.74993  0.24298
  O - 20      8   1.71474  0.24076  0.73978  1.01475  1.23172  1.38017  1.45133  1.45117  1.37942  1.52047  1.94550  2.23797  2.35193
  O - 21     -8   1.74240  2.39965  2.26234  1.96027  1.54481  1.40778  1.47867  1.47846  1.40722  1.25462  1.02469  0.74058  0.24042
  O - 22      8   1.74426  0.24081  0.74359  1.03011  1.25992  1.41065  1.48122  1.48094  1.40887  1.54392  1.95862  2.26366  2.40620
 
  P - 02     -8   1.71318  2.35227  2.21789  1.92388  1.51542  1.38622  1.46103  1.46128  1.38747  1.23420  1.01034  0.73381  0.23941
  P - 03      8   1.71196  0.24041  0.73693  1.00736  1.22292  1.38281  1.46211  1.46232  1.38333  1.51274  1.93556  2.22271  2.33412
  P - 04     -8   1.71221  2.29673  2.24412  1.96542  1.50126  1.37788  1.46672  1.46692  1.37864  1.20228  1.01191  0.74994  0.24331
  P - 05      8   1.70887  0.24750  0.77294  1.02540  1.13595  1.37912  1.48092  1.48109  1.37949  1.45372  2.02950  2.29825  2.16885
  P - 06     -8   1.71699  2.20205  2.35771  2.08468  1.47791  1.35753  1.44890  1.44905  1.35811  1.14862  1.04676  0.78992  0.25014
  P - 07      8   1.79318  0.25440  0.82588  1.11347  1.27337  1.33249  1.40735  1.40748  1.33269  1.62959  2.22804  2.53144  2.47636
1
 REACTOR FUELLING SIMULATION PROGRAM - INDUSTRY STANDARD TOOLSET VERSION: REL_3.5.5.1    DATE:26-Jan-26                      PAGE  21
 TIME:15:22:02  USER:R FARKAS                                
 *PRINT    C6-ESQUE GENERIC MODEL                                                           RUN TIME      0.938
    FUEL IRRADIATION VALUES IN n/kb                                                           
                                                            BUNDLE POSITION IN CHANNEL
        FUELLING  CHNL AV.
                                 1        2        3        4        5        6        7        8        9       10       11       12
+CHANNEL SCHEME   EXIT IRR
 
  P - 08     -8   1.80437  2.54548  2.60476  2.28785  1.66992  1.30508  1.35809  1.35819  1.30560  1.30365  1.14203  0.84213  0.25599
  P - 09      8   1.81360  0.25768  0.86122  1.16780  1.31975  1.27259  1.32210  1.32218  1.27262  1.70070  2.35307  2.67814  2.58738
  P - 10     -8   1.81538  2.58238  2.69850  2.37510  1.70325  1.26626  1.31546  1.31551  1.26661  1.31562  1.17382  0.86996  0.25846
  P - 11      8   1.80930  0.25851  0.86896  1.16496  1.28119  1.28881  1.33586  1.33587  1.28866  1.66971  2.36541  2.67967  2.51040
  P - 12     -8   1.80930  2.51039  2.67971  2.36544  1.66972  1.28865  1.33587  1.33585  1.28880  1.28118  1.16497  0.86898  0.25851
  P - 13      8   1.81539  0.25846  0.86998  1.17383  1.31560  1.26660  1.31549  1.31544  1.26625  1.70326  2.37516  2.69854  2.58235
  P - 14     -8   1.81362  2.58743  2.67833  2.35326  1.70077  1.27255  1.32209  1.32201  1.27252  1.31976  1.16786  0.86129  0.25768
  P - 15      8   1.80440  0.25600  0.84220  1.14210  1.30367  1.30552  1.35806  1.35795  1.30500  1.67001  2.28810  2.60500  2.54556
  P - 16     -8   1.79323  2.47654  2.53178  2.22837  1.62974  1.33257  1.40728  1.40716  1.33237  1.27343  1.11359  0.82598  0.25441
  P - 17      8   1.71703  0.25016  0.79003  1.04686  1.14867  1.35799  1.44886  1.44871  1.35741  1.47807  2.08501  2.35802  2.20221
  P - 18     -8   1.70890  2.16874  2.29857  2.02987  1.45376  1.37940  1.48099  1.48082  1.37903  1.13586  1.02549  0.77308  0.24753
  P - 19      8   1.71223  0.24334  0.75006  1.01195  1.20218  1.37855  1.46684  1.46665  1.37780  1.50130  1.96573  2.24435  2.29660
  P - 20     -8   1.71197  2.33405  2.22285  1.93578  1.51278  1.38327  1.46225  1.46205  1.38275  1.22284  1.00736  0.73701  0.24043
  P - 21      8   1.74282  0.24106  0.74326  1.02572  1.25366  1.40953  1.48448  1.48422  1.40825  1.54135  1.95907  2.25974  2.39588
 
  Q - 02      8   1.71196  0.23935  0.73295  1.00705  1.22991  1.38786  1.46674  1.46700  1.38806  1.51244  1.91968  2.21052  2.34340
  Q - 03     -8   1.71064  2.32297  2.21295  1.92920  1.50603  1.38504  1.47136  1.47163  1.38595  1.21773  1.00366  0.73670  0.24058
  Q - 04      8   1.70859  0.24311  0.74744  1.00298  1.18878  1.38254  1.48216  1.48243  1.38321  1.48919  1.95434  2.22565  2.26920
  Q - 05     -8   1.70450  2.12242  2.27874  2.01882  1.43057  1.38726  1.50484  1.50510  1.38822  1.11395  1.01715  0.77326  0.24781
  Q - 06      8   1.71141  0.24964  0.78535  1.03435  1.12796  1.36696  1.47312  1.47335  1.36754  1.45629  2.06548  2.33030  2.15821
  Q - 07     -8   1.78932  2.45500  2.50170  2.20224  1.61480  1.34177  1.42811  1.42831  1.34259  1.26478  1.10308  0.81971  0.25373
  Q - 08      8   1.79955  0.25478  0.83089  1.12837  1.29743  1.31655  1.37858  1.37873  1.31682  1.65678  2.25332  2.56713  2.52852
  Q - 09     -8   1.80905  2.57317  2.63797  2.31510  1.68658  1.28518  1.34431  1.34442  1.28570  1.31555  1.15454  0.84945  0.25661
  Q - 10      8   1.81005  0.25736  0.85666  1.15856  1.30902  1.28040  1.33996  1.34002  1.28040  1.68717  2.33482  2.65447  2.56318
  Q - 11     -8   1.80370  2.48464  2.63695  2.32665  1.65026  1.30297  1.36246  1.36249  1.30323  1.27139  1.15016  0.85689  0.25753
  Q - 12      8   1.80370  0.25754  0.85690  1.15016  1.27138  1.30322  1.36248  1.36246  1.30296  1.65026  2.32667  2.63696  2.48462
  Q - 13     -8   1.81006  2.56316  2.65451  2.33487  1.68717  1.28039  1.34001  1.33994  1.28040  1.30900  1.15857  0.85668  0.25737
  Q - 14      8   1.80907  0.25661  0.84950  1.15459  1.31555  1.28565  1.34435  1.34424  1.28512  1.68664  2.31525  2.63811  2.57321
  Q - 15     -8   1.79958  2.52861  2.56733  2.25352  1.65686  1.31677  1.37860  1.37845  1.31649  1.29745  1.12844  0.83096  0.25479
  Q - 16      8   1.78935  0.25374  0.81979  1.10318  1.26484  1.34249  1.42813  1.42793  1.34168  1.61495  2.20251  2.50198  2.45518
  Q - 17     -8   1.71145  2.15842  2.33058  2.06576  1.45644  1.36743  1.47317  1.47294  1.36685  1.12803  1.03444  0.78545  0.24966
  Q - 18      8   1.70451  0.24784  0.77336  1.01721  1.11386  1.38814  1.50501  1.50476  1.38719  1.43060  2.01912  2.27898  2.12231
  Q - 19     -8   1.70861  2.26908  2.22586  1.95463  1.48921  1.38315  1.48238  1.48212  1.38248  1.18870  1.00304  0.74756  0.24314
  Q - 20      8   1.71063  0.24059  0.73673  1.00361  1.21763  1.38589  1.47159  1.47132  1.38500  1.50605  1.92933  2.21300  2.32283
  Q - 21     -8   1.74158  2.38666  2.25238  1.95486  1.53831  1.41011  1.49031  1.49005  1.40994  1.24932  1.02243  0.74244  0.24102
 
  R - 03      8   1.70926  0.24039  0.73532  1.00012  1.21352  1.38679  1.47761  1.47800  1.38773  1.50278  1.92338  2.20409  2.31373
  R - 04     -8   1.70784  2.26210  2.21660  1.94690  1.48298  1.38540  1.49069  1.49111  1.38692  1.18622  1.00100  0.74734  0.24321
  R - 05      8   1.70089  0.24670  0.76628  1.00778  1.10701  1.39282  1.51632  1.51670  1.39396  1.42222  2.00054  2.25730  2.10726
  R - 06     -8   1.70899  2.15201  2.30453  2.04041  1.44767  1.37534  1.48752  1.48786  1.37658  1.12714  1.02707  0.77928  0.24871
  R - 07      8   1.72782  0.24912  0.78472  1.05538  1.22311  1.31929  1.40951  1.40978  1.31997  1.55071  2.08537  2.37212  2.35581
  R - 08     -8   1.73700  2.42255  2.42481  2.12437  1.58526  1.29982  1.36919  1.36940  1.30063  1.25433  1.07791  0.79430  0.25026
  R - 09      8   1.79973  0.25436  0.82810  1.12784  1.30317  1.31158  1.38295  1.38311  1.31184  1.65979  2.24668  2.56289  2.53900
  R - 10     -8   1.79990  2.51378  2.57684  2.26667  1.65242  1.30849  1.38595  1.38604  1.30897  1.28938  1.13083  0.83706  0.25555
  R - 11      8   1.79130  0.25631  0.84257  1.12357  1.22899  1.33334  1.41835  1.41838  1.33326  1.59719  2.27176  2.56826  2.38988
  R - 12     -8   1.79130  2.38984  2.56828  2.27179  1.59717  1.33325  1.41839  1.41836  1.33334  1.22896  1.12358  0.84259  0.25630
1
 REACTOR FUELLING SIMULATION PROGRAM - INDUSTRY STANDARD TOOLSET VERSION: REL_3.5.5.1    DATE:26-Jan-26                      PAGE  22
 TIME:15:22:02  USER:R FARKAS                                
 *PRINT    C6-ESQUE GENERIC MODEL                                                           RUN TIME      0.938
    FUEL IRRADIATION VALUES IN n/kb                                                           
                                                            BUNDLE POSITION IN CHANNEL
        FUELLING  CHNL AV.
                                 1        2        3        4        5        6        7        8        9       10       11       12
+CHANNEL SCHEME   EXIT IRR
 
  R - 13      8   1.79989  0.25555  0.83707  1.13082  1.28934  1.30897  1.38605  1.38596  1.30850  1.65241  2.26670  2.57684  2.51372
  R - 14     -8   1.79974  2.53902  2.56299  2.24680  1.65983  1.31180  1.38306  1.38291  1.31155  1.30317  1.12787  0.82814  0.25437
  R - 15      8   1.73702  0.25026  0.79434  1.07795  1.25434  1.30059  1.36931  1.36910  1.29979  1.58532  2.12450  2.42494  2.42261
  R - 16     -8   1.72785  2.35598  2.37233  2.08557  1.55082  1.31990  1.40964  1.40937  1.31922  1.22318  1.05546  0.78478  0.24913
  R - 17      8   1.70902  0.24873  0.77933  1.02713  1.12721  1.37649  1.48771  1.48738  1.37526  1.44781  2.04061  2.30474  2.15219
  R - 18     -8   1.70091  2.10720  2.25752  2.00080  1.42225  1.39389  1.51663  1.51624  1.39276  1.10696  1.00784  0.76638  0.24672
  R - 19      8   1.70784  0.24323  0.74742  1.00100  1.18613  1.38686  1.49107  1.49066  1.38535  1.48299  1.94709  2.21673  2.26196
  R - 20     -8   1.70930  2.31370  2.20427  1.92360  1.50281  1.38768  1.47798  1.47758  1.38676  1.21349  1.00018  0.73544  0.24042
 
  S - 03     -8   1.71100  2.31927  2.20610  1.92340  1.50128  1.38707  1.48012  1.48078  1.38994  1.21766  1.00465  0.73889  0.24107
  S - 04      8   1.70502  0.24127  0.73780  0.99285  1.18646  1.38734  1.49164  1.49227  1.38963  1.48395  1.93105  2.20118  2.26307
  S - 05     -8   1.70256  2.13566  2.24653  1.98339  1.42862  1.39627  1.51548  1.51605  1.39846  1.12355  1.00928  0.76232  0.24586
  S - 06      8   1.70531  0.24561  0.76181  1.01323  1.13765  1.38580  1.49384  1.49431  1.38729  1.44944  1.99772  2.26494  2.16911
  S - 07     -8   1.71850  2.32551  2.28920  2.00492  1.52050  1.36079  1.44226  1.44264  1.36221  1.21410  1.02858  0.76181  0.24537
  S - 08      8   1.72262  0.24530  0.76283  1.03756  1.23285  1.35076  1.41684  1.41713  1.35152  1.54336  2.02139  2.31367  2.36624
  S - 09     -8   1.72553  2.37270  2.33601  2.04295  1.54895  1.34332  1.40798  1.40818  1.34414  1.23505  1.04596  0.77079  0.24672
  S - 10      8   1.72358  0.24821  0.77793  1.04419  1.21220  1.34300  1.41862  1.41874  1.34321  1.53439  2.05861  2.34182  2.33026
  S - 11     -8   1.71593  2.18058  2.36028  2.09164  1.47007  1.35753  1.45476  1.45480  1.35781  1.13749  1.04615  0.79327  0.25075
  S - 12      8   1.71593  0.25075  0.79328  1.04615  1.13744  1.35781  1.45482  1.45478  1.35754  1.47004  2.09166  2.36029  2.18048
  S - 13     -8   1.72358  2.33019  2.34184  2.05865  1.53438  1.34320  1.41876  1.41864  1.34299  1.21217  1.04419  0.77795  0.24821
  S - 14      8   1.72553  0.24672  0.77081  1.04596  1.23503  1.34412  1.40816  1.40796  1.34331  1.54896  2.04301  2.33605  2.37269
  S - 15     -8   1.72263  2.36629  2.31377  2.02148  1.54340  1.35149  1.41707  1.41679  1.35073  1.23287  1.03759  0.76287  0.24530
  S - 16      8   1.71852  0.24538  0.76183  1.02862  1.21414  1.36217  1.44254  1.44217  1.36075  1.52058  2.00503  2.28933  2.32562
  S - 17     -8   1.70534  2.16928  2.26510  1.99786  1.44955  1.38723  1.49419  1.49372  1.38575  1.13772  1.01329  0.76186  0.24562
  S - 18      8   1.70257  0.24587  0.76236  1.00932  1.12352  1.39841  1.51598  1.51541  1.39623  1.42865  1.98356  2.24668  2.13563
  S - 19     -8   1.70504  2.26302  2.20133  1.93124  1.48397  1.38959  1.49223  1.49160  1.38730  1.18642  0.99290  0.73789  0.24129
  S - 20      8   1.71099  0.24107  0.73891  1.00463  1.21760  1.38989  1.48076  1.48010  1.38704  1.50130  1.92352  2.20616  2.31918
 
  T - 04     -8   1.71172  2.31085  2.21152  1.93058  1.49755  1.38632  1.48280  1.48372  1.39045  1.21375  1.00766  0.74380  0.24207
  T - 05      8   1.70554  0.24076  0.73639  0.99494  1.18985  1.38650  1.48572  1.48650  1.38944  1.48703  1.93263  2.20647  2.27005
  T - 06     -8   1.71166  2.29666  2.23294  1.95268  1.49670  1.38198  1.47359  1.47422  1.38447  1.20396  1.01060  0.74742  0.24278
  T - 07      8   1.71351  0.24159  0.74256  1.01225  1.22059  1.37517  1.45310  1.45359  1.37673  1.51749  1.95614  2.24246  2.33337
  T - 08     -8   1.71746  2.35567  2.26171  1.97001  1.52674  1.37059  1.44127  1.44164  1.37201  1.23170  1.02214  0.74828  0.24259
  T - 09      8   1.71686  0.24307  0.75013  1.02105  1.22522  1.36809  1.44069  1.44096  1.36880  1.52626  1.97833  2.26634  2.34537
  T - 10     -8   1.71507  2.29947  2.27092  1.99280  1.50791  1.36887  1.45545  1.45561  1.36956  1.20161  1.02023  0.75903  0.24506
  T - 11      8   1.70642  0.24781  0.77392  1.02089  1.12234  1.38314  1.49370  1.49375  1.38317  1.44087  2.02642  2.28941  2.14090
  T - 12     -8   1.70642  2.14083  2.28942  2.02645  1.44083  1.38317  1.49378  1.49373  1.38314  1.12230  1.02089  0.77394  0.24782
  T - 13      8   1.71507  0.24507  0.75904  1.02021  1.20157  1.36956  1.45563  1.45547  1.36887  1.50788  1.99282  2.27092  2.29939
  T - 14     -8   1.71686  2.34535  2.26637  1.97837  1.52626  1.36879  1.44095  1.44069  1.36808  1.22520  1.02106  0.75016  0.24307
  T - 15      8   1.71746  0.24259  0.74829  1.02216  1.23170  1.37199  1.44161  1.44124  1.37057  1.52676  1.97007  2.26176  2.35569
  T - 16     -8   1.71352  2.33344  2.24256  1.95623  1.51754  1.37671  1.45352  1.45303  1.37514  1.22062  1.01228  0.74258  0.24160
  T - 17      8   1.71167  0.24277  0.74743  1.01063  1.20399  1.38443  1.47414  1.47350  1.38195  1.49677  1.95278  2.23304  2.29674
  T - 18     -8   1.70556  2.27012  2.20660  1.93276  1.48708  1.38940  1.48642  1.48565  1.38647  1.18988  0.99499  0.73644  0.24077
  T - 19      8   1.71173  0.24209  0.74383  1.00767  1.21373  1.39041  1.48367  1.48276  1.38628  1.49759  1.93069  2.21161  2.31084
 
  U - 05     -8   1.72216  2.34363  2.22974  1.94053  1.51246  1.39198  1.48071  1.48172  1.39647  1.22978  1.01622  0.74490  0.24192
1
 REACTOR FUELLING SIMULATION PROGRAM - INDUSTRY STANDARD TOOLSET VERSION: REL_3.5.5.1    DATE:26-Jan-26                      PAGE  23
 TIME:15:22:02  USER:R FARKAS                                
 *PRINT    C6-ESQUE GENERIC MODEL                                                           RUN TIME      0.938
    FUEL IRRADIATION VALUES IN n/kb                                                           
                                                            BUNDLE POSITION IN CHANNEL
        FUELLING  CHNL AV.
                                 1        2        3        4        5        6        7        8        9       10       11       12
+CHANNEL SCHEME   EXIT IRR
 
  U - 06      8   1.71778  0.23941  0.73253  1.00426  1.22452  1.39068  1.47330  1.47409  1.39365  1.51695  1.93313  2.22115  2.33927
  U - 07     -8   1.72285  2.36246  2.24087  1.94677  1.52396  1.38831  1.46456  1.46518  1.39072  1.23733  1.01733  0.74124  0.24103
  U - 08      8   1.72159  0.24032  0.73781  1.01392  1.23527  1.38675  1.46021  1.46068  1.38825  1.52737  1.94766  2.24080  2.36099
  U - 09     -8   1.72280  2.35468  2.24754  1.95662  1.52393  1.38574  1.46324  1.46357  1.38707  1.23212  1.01745  0.74416  0.24175
  U - 10      8   1.71934  0.24281  0.74786  1.01164  1.20777  1.38748  1.47782  1.47802  1.38800  1.50720  1.96385  2.24414  2.30819
  U - 11     -8   1.71220  2.16713  2.26293  1.99476  1.44589  1.40066  1.51254  1.51261  1.40104  1.13770  1.01436  0.76245  0.24563
  U - 12      8   1.71219  0.24563  0.76245  1.01435  1.13766  1.40104  1.51263  1.51256  1.40067  1.44586  1.99477  2.26293  2.16706
  U - 13     -8   1.71934  2.30814  2.24415  1.96388  1.50718  1.38800  1.47803  1.47783  1.38748  1.20774  1.01164  0.74788  0.24282
  U - 14      8   1.72280  0.24175  0.74417  1.01744  1.23210  1.38705  1.46357  1.46324  1.38574  1.52393  1.95665  2.24755  2.35465
  U - 15     -8   1.72160  2.36101  2.24085  1.94771  1.52739  1.38824  1.46065  1.46019  1.38674  1.23527  1.01393  0.73783  0.24032
  U - 16      8   1.72286  0.24103  0.74126  1.01734  1.23733  1.39070  1.46514  1.46452  1.38829  1.52399  1.94683  2.24093  2.36248
  U - 17     -8   1.71780  2.33940  2.22126  1.93321  1.51699  1.39362  1.47403  1.47323  1.39066  1.22454  1.00430  0.73256  0.23942
  U - 18      8   1.72216  0.24193  0.74492  1.01624  1.22978  1.39644  1.48166  1.48065  1.39195  1.51251  1.94061  2.22983  2.34366
 
  V - 06     -8   1.63609  2.23585  2.10932  1.83295  1.44473  1.32743  1.40312  1.40404  1.33131  1.18382  0.97329  0.71316  0.23576
  V - 07      8   1.63236  0.23358  0.70338  0.96308  1.17871  1.32719  1.39917  1.39987  1.32970  1.44748  1.82540  2.10004  2.23002
  V - 08     -8   1.63556  2.23853  2.11126  1.83445  1.44805  1.32660  1.39809  1.39864  1.32882  1.18401  0.97158  0.71080  0.23524
  V - 09      8   1.63282  0.23460  0.70707  0.96429  1.17577  1.32672  1.40107  1.40146  1.32804  1.44569  1.83136  2.10356  2.22467
  V - 10     -8   1.63285  2.20722  2.10543  1.83787  1.43748  1.32736  1.40942  1.40966  1.32834  1.16731  0.96543  0.71299  0.23617
  V - 11      8   1.62996  0.23691  0.71549  0.96165  1.14735  1.33004  1.42135  1.42142  1.33017  1.42225  1.84296  2.10348  2.16806
  V - 12     -8   1.62997  2.16804  2.10348  1.84298  1.42225  1.33016  1.42143  1.42135  1.33004  1.14734  0.96165  0.71551  0.23692
  V - 13      8   1.63284  0.23617  0.71300  0.96542  1.16728  1.32834  1.40966  1.40943  1.32736  1.43748  1.83788  2.10542  2.20718
  V - 14     -8   1.63283  2.22467  2.10358  1.83139  1.44569  1.32803  1.40146  1.40107  1.32672  1.17576  0.96429  0.70708  0.23461
  V - 15      8   1.63556  0.23523  0.71080  0.97158  1.18400  1.32880  1.39862  1.39808  1.32659  1.44806  1.83448  2.11129  2.23852
  V - 16     -8   1.63237  2.23005  2.10010  1.82545  1.44750  1.32968  1.39984  1.39914  1.32717  1.17872  0.96311  0.70340  0.23358
  V - 17      8   1.63610  0.23576  0.71317  0.97330  1.18382  1.33129  1.40399  1.40308  1.32742  1.44476  1.83301  2.10938  2.23587
 
  W - 09     -8   1.46691  1.98411  1.87205  1.63188  1.29829  1.20309  1.27025  1.27068  1.20496  1.07225  0.88431  0.66078  0.22508
  W - 10      8   1.46420  0.22442  0.65723  0.87690  1.06418  1.20390  1.27430  1.27455  1.20472  1.29502  1.62732  1.86323  1.97057
  W - 11     -8   1.46427  1.96249  1.86401  1.63012  1.29074  1.20452  1.27862  1.27870  1.20494  1.06030  0.87765  0.65988  0.22520
  W - 12      8   1.46427  0.22520  0.65987  0.87764  1.06029  1.20494  1.27870  1.27862  1.20452  1.29074  1.63012  1.86400  1.96248
  W - 13     -8   1.46421  1.97057  1.86324  1.62733  1.29502  1.20472  1.27455  1.27431  1.20390  1.06417  0.87690  0.65724  0.22442
  W - 14      8   1.46691  0.22508  0.66078  0.88430  1.07224  1.20495  1.27067  1.27026  1.20308  1.29829  1.63189  1.87205  1.98409
1
 REACTOR FUELLING SIMULATION PROGRAM - INDUSTRY STANDARD TOOLSET VERSION: REL_3.5.5.1    DATE:26-Jan-26                      PAGE  24
 TIME:15:22:02  USER:R FARKAS                                
 *PRINT    C6-ESQUE GENERIC MODEL                                                           RUN TIME      0.938

 ECHO PRINT OF CONTROL AND TRAILER CARDS :
   COLUMN -    10        20        30        40        50        60        70        80

       *PRINT    FUELBURNUP                                                            
 
1
 REACTOR FUELLING SIMULATION PROGRAM - INDUSTRY STANDARD TOOLSET VERSION: REL_3.5.5.1    DATE:26-Jan-26                      PAGE  25
 TIME:15:22:02  USER:R FARKAS                                
 *PRINT    C6-ESQUE GENERIC MODEL                                                           RUN TIME      0.938
    BUNDLE INSTANTANEOUS BURNUP IN MW.h /BUNDLE                                               
                                                            BUNDLE POSITION IN CHANNEL
        FUELLING  CHNL AV.
                                 1        2        3        4        5        6        7        8        9       10       11       12
+CHANNEL SCHEME   EXIT BUR
 
  A - 09      8    2244.2    295.0    940.8   1308.4   1605.1   1815.8   1920.2   1919.4   1812.2   1978.9   2524.4   2906.8   3076.3
  A - 10     -8    2238.3   3040.4   2889.6   2517.0   1967.8   1816.0   1930.8   1930.4   1814.4   1584.0   1293.0    933.7    294.1
  A - 11      8    2236.0    296.3    944.2   1297.2   1549.2   1822.2   1950.6   1950.4   1821.3   1935.8   2534.8   2901.3   2971.9
  A - 12     -8    2236.0   2971.9   2901.3   2534.8   1935.8   1821.4   1950.4   1950.6   1822.1   1549.2   1297.2    944.2    296.3
  A - 13      8    2238.3    294.1    933.7   1293.0   1584.0   1814.4   1930.4   1930.9   1816.0   1967.8   2517.0   2889.6   3040.4
  A - 14     -8    2244.2   3076.2   2906.8   2524.5   1978.9   1812.2   1919.4   1920.2   1815.7   1605.1   1308.3    940.8    295.0
 
  B - 06      8    2239.7    296.3    948.2   1315.4   1579.7   1817.9   1924.1   1922.7   1812.1   1953.7   2539.7   2921.9   3025.2
  B - 07     -8    2235.9   3062.0   2896.3   2515.6   1977.9   1810.9   1909.2   1908.1   1807.0   1595.1   1295.9    928.5    292.6
  B - 08      8    2245.3    295.1    941.3   1311.3   1609.5   1812.6   1909.6   1908.8   1809.1   1985.5   2532.6   2917.6   3086.9
  B - 09     -8    2240.9   3066.2   2904.0   2526.1   1981.8   1811.6   1914.3   1913.6   1809.4   1596.4   1298.7    934.3    294.1
  B - 10      8    2241.1    296.4    944.6   1301.1   1581.9   1812.3   1927.9   1927.6   1810.7   1968.0   2537.3   2907.6   3037.5
  B - 11     -8    2235.2   2943.4   2912.3   2553.0   1928.2   1819.4   1953.0   1952.9   1819.1   1532.5   1297.4    951.0    297.9
  B - 12      8    2235.2    297.9    951.0   1297.4   1532.5   1819.1   1952.9   1953.1   1819.3   1928.2   2553.0   2912.3   2943.4
  B - 13     -8    2241.1   3037.4   2907.6   2537.3   1967.9   1810.7   1927.6   1928.0   1812.3   1581.9   1301.0    944.6    296.4
  B - 14      8    2240.9    294.1    934.3   1298.7   1596.4   1809.4   1913.6   1914.3   1811.6   1981.8   2526.2   2904.0   3066.2
  B - 15     -8    2245.3   3086.9   2917.6   2532.6   1985.5   1809.1   1908.8   1909.6   1812.6   1609.5   1311.3    941.3    295.1
  B - 16      8    2235.9    292.6    928.6   1295.9   1595.1   1807.0   1908.1   1909.2   1810.9   1978.0   2515.7   2896.4   3062.0
  B - 17     -8    2239.7   3025.3   2921.9   2539.8   1953.8   1812.1   1922.7   1924.1   1817.9   1579.7   1315.4    948.3    296.3
 
  C - 05      8    2239.9    297.1    951.5   1316.5   1575.6   1818.0   1926.8   1925.3   1811.8   1951.0   2544.5   2924.4   3017.4
  C - 06     -8    2233.6   3009.6   2910.0   2532.8   1956.0   1814.4   1918.4   1917.2   1810.1   1567.1   1298.3    934.3    293.9
  C - 07      8    2241.9    295.7    943.8   1312.3   1603.6   1805.7   1901.0   1900.1   1802.2   1983.0   2541.2   2924.5   3077.4
  C - 08     -8    2244.0   3081.7   2926.8   2545.1   1992.0   1805.5   1899.2   1898.5   1803.2   1603.4   1307.8    939.7    294.9
  C - 09      8    2245.8    297.0    948.9   1312.8   1599.4   1803.8   1904.0   1903.5   1801.8   1987.2   2557.1   2935.2   3073.7
  C - 10     -8    2241.3   3016.7   2929.0   2564.8   1966.8   1804.7   1922.6   1922.3   1803.8   1568.2   1304.0    952.8    298.2
  C - 11      8    2233.8    301.5    970.2   1306.6   1488.6   1818.7   1963.2   1963.1   1818.1   1897.6   2599.4   2948.5   2861.8
  C - 12     -8    2233.8   2861.7   2948.5   2599.4   1897.6   1818.1   1963.1   1963.2   1818.7   1488.5   1306.6    970.2    301.5
  C - 13      8    2241.3    298.2    952.9   1304.0   1568.2   1803.8   1922.3   1922.6   1804.6   1966.8   2564.8   2929.0   3016.7
  C - 14     -8    2245.8   3073.6   2935.2   2557.1   1987.2   1801.8   1903.5   1904.0   1803.8   1599.4   1312.8    948.9    297.0
  C - 15      8    2244.0    294.9    939.7   1307.9   1603.4   1803.1   1898.5   1899.2   1805.4   1992.0   2545.2   2926.8   3081.7
  C - 16     -8    2241.9   3077.4   2924.6   2541.3   1983.0   1802.2   1900.0   1900.9   1805.7   1603.6   1312.3    943.8    295.7
  C - 17      8    2233.6    293.9    934.3   1298.4   1567.2   1810.1   1917.2   1918.3   1814.3   1956.1   2533.0   2910.1   3009.7
  C - 18     -8    2239.9   3017.4   2924.5   2544.6   1951.1   1811.7   1925.3   1926.7   1817.9   1575.6   1316.5    951.5    297.1
 
  D - 04      8    2241.3    296.4    946.7   1310.8   1597.6   1812.7   1919.8   1918.5   1807.0   1971.3   2530.6   2909.6   3060.8
  D - 05     -8    2232.6   2993.6   2909.1   2536.5   1950.1   1814.2   1924.4   1923.3   1810.1   1558.3   1296.5    936.8    294.6
  D - 06      8    2239.9    297.6    952.8   1316.4   1572.6   1808.1   1912.1   1911.2   1804.5   1959.3   2563.6   2941.7   3019.1
  D - 07     -8    2241.8   3072.6   2943.2   2563.4   1991.2   1795.3   1888.1   1887.3   1792.9   1597.4   1312.7    946.3    296.3
  D - 08      8    2250.4    298.3    957.2   1326.7   1609.7   1792.4   1880.6   1880.1   1790.2   2003.1   2588.0   2971.8   3096.8
  D - 09     -8    2249.1   3078.7   2975.4   2598.6   2000.9   1788.1   1882.2   1881.8   1786.9   1598.0   1323.4    959.8    299.0
  D - 10      8    2247.0    301.7    972.0   1322.1   1567.0   1788.8   1902.2   1901.9   1787.7   1977.0   2617.3   2980.6   3020.8
  D - 11     -8    2236.6   2828.5   3001.3   2658.0   1894.0   1805.3   1950.4   1950.4   1805.2   1467.5   1321.9    990.5    305.0
  D - 12      8    2236.6    305.0    990.5   1321.9   1467.4   1805.2   1950.4   1950.5   1805.3   1893.9   2658.0   3001.3   2828.4
  D - 13     -8    2247.0   3020.7   2980.6   2617.4   1977.0   1787.7   1902.0   1902.2   1788.8   1566.9   1322.1    972.1    301.7
  D - 14      8    2249.1    299.0    959.9   1323.4   1598.0   1786.9   1881.8   1882.2   1788.0   2000.9   2598.7   2975.4   3078.7
1
 REACTOR FUELLING SIMULATION PROGRAM - INDUSTRY STANDARD TOOLSET VERSION: REL_3.5.5.1    DATE:26-Jan-26                      PAGE  26
 TIME:15:22:02  USER:R FARKAS                                
 *PRINT    C6-ESQUE GENERIC MODEL                                                           RUN TIME      0.938
    BUNDLE INSTANTANEOUS BURNUP IN MW.h /BUNDLE                                               
                                                            BUNDLE POSITION IN CHANNEL
        FUELLING  CHNL AV.
                                 1        2        3        4        5        6        7        8        9       10       11       12
+CHANNEL SCHEME   EXIT BUR
 
  D - 15     -8    2250.4   3096.8   2971.9   2588.1   2003.1   1790.2   1880.0   1880.6   1792.3   1609.7   1326.7    957.2    298.3
  D - 16      8    2241.8    296.3    946.3   1312.8   1597.5   1792.9   1887.3   1888.0   1795.2   1991.3   2563.6   2943.3   3072.6
  D - 17     -8    2240.0   3019.1   2941.8   2563.7   1959.4   1804.5   1911.1   1912.0   1808.0   1572.6   1316.4    952.8    297.6
  D - 18      8    2232.7    294.6    936.9   1296.6   1558.3   1810.0   1923.2   1924.3   1814.2   1950.2   2536.7   2909.3   2993.6
  D - 19     -8    2241.3   3060.8   2909.7   2530.8   1971.3   1807.0   1918.4   1919.7   1812.7   1597.6   1310.8    946.8    296.4
 
  E - 03      8    2239.7    295.3    940.7   1305.1   1599.5   1812.5   1919.3   1918.4   1808.5   1973.6   2520.6   2899.7   3065.3
  E - 04     -8    2234.3   3033.1   2892.9   2522.8   1967.9   1809.7   1921.3   1920.4   1806.4   1578.9   1291.4    934.3    294.4
  E - 05      8    2237.4    298.5    956.0   1311.2   1554.1   1809.6   1926.1   1925.2   1806.4   1945.5   2566.4   2935.6   2984.6
  E - 06     -8    2238.8   2996.2   2959.9   2589.5   1960.0   1797.8   1905.9   1905.2   1795.6   1556.7   1315.2    957.7    298.7
  E - 07      8    2249.4    300.5    968.8   1335.9   1602.2   1774.9   1866.1   1865.6   1772.8   2005.1   2621.2   3002.2   3087.4
  E - 08     -8    2256.7   3114.0   3037.9   2653.3   2026.9   1765.1   1846.6   1846.2   1763.9   1613.2   1347.0    975.3    301.5
  E - 09      8    2259.9    303.7    987.8   1357.0   1610.9   1755.2   1839.1   1838.8   1754.0   2030.5   2683.4   3065.4   3113.2
  E - 10     -8    2257.1   3052.8   3071.3   2704.6   2009.4   1753.8   1855.7   1855.5   1753.4   1577.0   1353.3    998.0    305.8
  E - 11      8    2247.4    309.1   1019.0   1355.0   1476.7   1772.7   1905.0   1904.9   1772.3   1924.0   2747.6   3093.5   2858.9
  E - 12     -8    2247.4   2858.8   3093.5   2747.7   1923.9   1772.3   1904.9   1905.0   1772.7   1476.7   1355.0   1019.0    309.1
  E - 13      8    2257.1    305.8    998.0   1353.3   1577.0   1753.4   1855.5   1855.7   1753.8   2009.3   2704.7   3071.4   3052.7
  E - 14     -8    2259.9   3113.1   3065.4   2683.5   2030.5   1753.9   1838.8   1839.1   1755.2   1610.8   1357.0    987.8    303.7
  E - 15      8    2256.7    301.5    975.3   1347.0   1613.2   1763.8   1846.1   1846.5   1765.0   2026.9   2653.5   3038.0   3114.1
  E - 16     -8    2249.4   3087.5   3002.3   2621.3   2005.2   1772.7   1865.5   1866.0   1774.8   1602.2   1335.9    968.8    300.5
  E - 17      8    2238.8    298.7    957.8   1315.3   1556.8   1795.5   1905.1   1905.8   1797.7   1960.1   2589.7   2960.1   2996.3
  E - 18     -8    2237.4   2984.6   2935.8   2566.6   1945.6   1806.4   1925.1   1925.9   1809.5   1554.1   1311.2    956.1    298.5
  E - 19      8    2234.3    294.4    934.4   1291.5   1578.9   1806.4   1920.3   1921.2   1809.6   1968.0   2523.0   2893.1   3033.2
  E - 20     -8    2239.7   3065.3   2899.8   2520.8   1973.6   1808.5   1918.3   1919.2   1812.5   1599.4   1305.1    940.8    295.3
 
  F - 03     -8    2236.5   3048.9   2892.5   2519.4   1972.2   1810.0   1920.7   1920.1   1808.6   1588.9   1296.2    936.4    294.7
  F - 04      8    2236.9    297.4    948.5   1299.9   1570.5   1807.1   1926.9   1926.3   1804.9   1959.9   2544.0   2909.2   3016.7
  F - 05     -8    2233.1   2914.3   2947.7   2592.4   1923.1   1806.8   1937.8   1937.3   1805.1   1514.7   1306.7    963.8    300.3
  F - 06      8    2242.1    303.3    982.6   1332.0   1532.2   1785.8   1905.3   1904.8   1783.9   1947.8   2646.4   3008.9   2953.8
  F - 07     -8    2260.0   3118.8   3105.2   2724.5   2042.6   1719.2   1825.9   1825.5   1718.1   1610.6   1369.6    999.0    305.4
  F - 08      8    2274.4    307.8   1017.6   1400.5   1640.7   1697.1   1784.8   1784.5   1695.9   2081.3   2787.3   3179.7   3184.8
  F - 09     -8    2350.7   3315.9   3348.5   2942.6   2172.3   1709.2   1804.3   1804.1   1708.7   1696.8   1463.0   1062.7    313.2
  F - 10      8    2350.3    315.0   1077.3   1466.4   1670.9   1705.3   1812.9   1812.8   1704.6   2157.2   2972.7   3367.2   3269.9
  F - 11     -8    2337.9   3069.1   3363.1   2990.3   2065.4   1741.5   1866.2   1866.1   1741.5   1567.5   1457.7   1089.6    316.4
  F - 12      8    2337.9    316.4   1089.6   1457.7   1567.4   1741.5   1866.1   1866.2   1741.5   2065.3   2990.3   3363.1   3069.0
  F - 13     -8    2350.3   3269.8   3367.3   2972.7   2157.2   1704.6   1812.8   1812.9   1705.3   1670.8   1466.4   1077.3    315.0
  F - 14      8    2350.7    313.2   1062.7   1463.1   1696.8   1708.7   1804.0   1804.2   1709.1   2172.3   2942.8   3348.7   3315.9
  F - 15     -8    2274.4   3184.8   3179.9   2787.5   2081.4   1695.9   1784.4   1784.7   1697.1   1640.7   1400.6   1017.7    307.9
  F - 16      8    2260.0    305.4    999.1   1369.7   1610.6   1718.0   1825.3   1825.7   1719.1   2042.8   2724.7   3105.5   3119.0
  F - 17     -8    2242.1   2954.0   3009.2   2646.7   1947.9   1783.8   1904.6   1905.1   1785.7   1532.2   1332.1    982.7    303.3
  F - 18      8    2233.1    300.3    964.0   1306.8   1514.7   1805.0   1937.1   1937.7   1806.7   1923.2   2592.7   2948.0   2914.3
  F - 19     -8    2236.9   3016.7   2909.3   2544.2   1960.0   1804.8   1926.2   1926.8   1807.0   1570.5   1299.9    948.6    297.4
  F - 20      8    2236.6    294.7    936.5   1296.3   1588.9   1808.6   1920.0   1920.6   1810.0   1972.3   2519.6   2892.7   3048.9
 
  G - 02     -8    2238.5   3067.6   2894.8   2515.1   1977.4   1811.1   1915.7   1915.3   1810.7   1600.3   1301.5    935.4    294.2
  G - 03      8    2237.0    295.6    940.2   1297.5   1585.7   1808.2   1920.7   1920.3   1806.9   1969.9   2527.1   2898.5   3044.4
1
 REACTOR FUELLING SIMULATION PROGRAM - INDUSTRY STANDARD TOOLSET VERSION: REL_3.5.5.1    DATE:26-Jan-26                      PAGE  27
 TIME:15:22:02  USER:R FARKAS                                
 *PRINT    C6-ESQUE GENERIC MODEL                                                           RUN TIME      0.938
    BUNDLE INSTANTANEOUS BURNUP IN MW.h /BUNDLE                                               
                                                            BUNDLE POSITION IN CHANNEL
        FUELLING  CHNL AV.
                                 1        2        3        4        5        6        7        8        9       10       11       12
+CHANNEL SCHEME   EXIT BUR
 
  G - 04     -8    2234.8   2982.8   2914.5   2558.3   1951.0   1804.2   1932.5   1932.1   1803.2   1551.0   1296.8    953.2    298.6
  G - 05      8    2230.7    304.2    985.6   1315.9   1461.6   1809.2   1957.7   1957.3   1807.8   1881.6   2638.2   2981.0   2813.2
  G - 06     -8    2239.0   2855.7   3046.8   2699.1   1914.5   1782.0   1916.6   1916.2   1781.1   1478.2   1338.3   1001.6    306.5
  G - 07      8    2338.6    312.1   1049.8   1430.4   1651.0   1750.3   1862.0   1861.7   1749.1   2116.2   2881.5   3269.2   3218.7
  G - 08     -8    2350.5   3304.6   3352.7   2949.7   2169.1   1715.9   1798.4   1798.2   1715.4   1690.2   1463.5   1065.8    313.6
  G - 09      8    2361.8    316.1   1091.7   1498.2   1712.1   1674.2   1754.2   1754.0   1673.4   2207.0   3031.1   3443.2   3357.4
  G - 10     -8    2362.6   3336.6   3464.6   3059.1   2205.0   1666.9   1750.8   1750.7   1666.8   1699.0   1503.0   1102.8    317.2
  G - 11      8    2354.4    317.6   1105.1   1491.3   1642.3   1697.7   1784.6   1784.5   1697.3   2151.3   3052.0   3443.1   3224.3
  G - 12     -8    2354.4   3224.3   3443.2   3052.0   2151.3   1697.3   1784.5   1784.6   1697.7   1642.3   1491.3   1105.2    317.6
  G - 13      8    2362.6    317.2   1102.8   1503.0   1699.0   1666.8   1750.7   1750.8   1666.9   2205.0   3059.2   3464.7   3336.5
  G - 14     -8    2361.8   3357.4   3443.4   3031.3   2207.1   1673.3   1753.9   1754.1   1674.1   1712.2   1498.3   1091.8    316.1
  G - 15      8    2350.5    313.6   1065.9   1463.6   1690.3   1715.3   1798.0   1798.2   1715.8   2169.2   2949.9   3353.0   3304.7
  G - 16     -8    2338.6   3218.9   3269.6   2881.8   2116.4   1749.0   1861.5   1861.8   1750.2   1651.1   1430.5   1049.9    312.2
  G - 17      8    2239.1    306.6   1001.8   1338.4   1478.3   1780.9   1916.0   1916.3   1781.9   1914.7   2699.4   3047.2   2856.0
  G - 18     -8    2230.8   2813.1   2981.4   2638.6   1881.7   1807.7   1957.1   1957.5   1809.1   1461.5   1316.0    985.7    304.2
  G - 19      8    2234.8    298.6    953.4   1296.9   1551.0   1803.1   1932.0   1932.4   1804.1   1951.0   2558.7   2914.8   2982.7
  G - 20     -8    2237.0   3044.3   2898.6   2527.3   1970.0   1806.8   1920.3   1920.7   1808.1   1585.6   1297.4    940.2    295.6
  G - 21      8    2277.4    296.3    948.0   1322.1   1626.3   1840.2   1946.3   1946.7   1840.5   2011.8   2561.2   2949.1   3123.3
 
  H - 02      8    2239.4    294.5    937.2   1304.1   1602.6   1810.5   1912.0   1911.7   1808.8   1978.8   2519.9   2901.1   3072.7
  H - 03     -8    2237.3   3042.4   2905.6   2535.7   1972.8   1805.1   1916.5   1916.2   1804.3   1583.7   1298.7    942.1    296.0
  H - 04      8    2236.9    300.1    961.4   1303.3   1548.8   1799.3   1928.0   1927.7   1798.2   1951.8   2577.2   2932.2   2980.4
  H - 05     -8    2231.1   2791.4   3002.6   2665.8   1879.1   1801.6   1953.9   1953.6   1801.0   1447.9   1320.0    994.8    305.8
  H - 06      8    2241.7    309.1   1017.7   1349.4   1466.4   1772.6   1909.8   1909.6   1771.7   1912.7   2738.8   3081.0   2837.4
  H - 07     -8    2341.4   3214.3   3304.2   2921.2   2124.4   1737.2   1846.6   1846.4   1736.8   1645.3   1440.2   1062.9    313.8
  H - 08      8    2355.8    315.5   1082.8   1480.1   1693.1   1700.7   1775.6   1775.4   1700.0   2183.0   2996.4   3399.1   3316.3
  H - 09     -8    2367.0   3373.7   3493.3   3080.0   2225.3   1656.5   1725.4   1725.3   1656.4   1716.7   1515.3   1107.6    317.5
  H - 10      8    2369.2    318.4   1119.6   1523.8   1710.6   1648.5   1716.5   1716.5   1648.0   2228.1   3109.3   3520.1   3366.2
  H - 11     -8    2361.7   3271.7   3496.2   3097.5   2182.8   1677.8   1744.7   1744.7   1678.0   1663.2   1511.6   1118.9    318.5
  H - 12      8    2361.7    318.5   1118.9   1511.6   1663.1   1677.9   1744.7   1744.7   1677.8   2182.8   3097.5   3496.3   3271.7
  H - 13     -8    2369.2   3366.2   3520.2   3109.4   2228.1   1648.0   1716.4   1716.5   1648.5   1710.6   1523.8   1119.7    318.4
  H - 14      8    2367.0    317.5   1107.7   1515.4   1716.7   1656.3   1725.2   1725.3   1656.4   2225.4   3080.3   3493.5   3373.8
  H - 15     -8    2355.8   3316.5   3399.4   2996.7   2183.1   1699.9   1775.2   1775.4   1700.6   1693.1   1480.2   1082.9    315.5
  H - 16      8    2341.5    313.8   1063.0   1440.3   1645.4   1736.7   1846.1   1846.3   1737.0   2124.6   2921.7   3304.6   3214.6
  H - 17     -8    2241.8   2837.7   3081.4   2739.2   1912.9   1771.5   1909.3   1909.6   1772.4   1466.5   1349.6   1017.8    309.1
  H - 18      8    2231.2    305.9    995.0   1320.1   1447.8   1800.9   1953.5   1953.7   1801.5   1879.2   2666.3   3003.0   2791.3
  H - 19     -8    2236.9   2980.3   2932.5   2577.6   1951.9   1798.1   1927.6   1927.9   1799.2   1548.7   1303.4    961.6    300.2
  H - 20      8    2237.3    296.1    942.3   1298.7   1583.6   1804.3   1916.1   1916.4   1805.0   1972.8   2536.0   2905.7   3042.3
  H - 21     -8    2278.4   3128.5   2955.3   2566.0   2013.3   1838.2   1942.6   1943.0   1840.0   1628.5   1324.6    949.8    296.6
 
  J - 01      8    2241.2    294.2    937.5   1309.8   1611.1   1812.0   1907.6   1907.2   1809.6   1982.3   2519.1   2906.1   3085.9
  J - 02     -8    2238.5   3073.4   2902.8   2521.4   1981.9   1808.3   1906.5   1906.3   1807.5   1601.7   1301.7    934.2    293.9
  J - 03      8    2240.0    296.9    947.4   1306.6   1589.3   1801.3   1907.4   1907.2   1800.2   1978.3   2549.6   2922.6   3053.7
  J - 04     -8    2239.4   2993.3   2955.2   2597.4   1962.4   1790.9   1912.8   1912.7   1790.5   1553.8   1311.0    965.9    300.8
  J - 05      8    2237.1    307.5   1006.8   1337.1   1458.8   1785.6   1930.5   1930.3   1784.9   1896.7   2704.8   3046.3   2817.4
  J - 06     -8    2318.9   2955.8   3229.5   2874.6   1992.5   1807.8   1941.9   1941.8   1807.6   1517.0   1405.1   1056.7    313.5
1
 REACTOR FUELLING SIMULATION PROGRAM - INDUSTRY STANDARD TOOLSET VERSION: REL_3.5.5.1    DATE:26-Jan-26                      PAGE  28
 TIME:15:22:02  USER:R FARKAS                                
 *PRINT    C6-ESQUE GENERIC MODEL                                                           RUN TIME      0.938
    BUNDLE INSTANTANEOUS BURNUP IN MW.h /BUNDLE                                               
                                                            BUNDLE POSITION IN CHANNEL
        FUELLING  CHNL AV.
                                 1        2        3        4        5        6        7        8        9       10       11       12
+CHANNEL SCHEME   EXIT BUR
 
  J - 07      8    2345.9    315.1   1075.1   1454.2   1650.4   1725.4   1826.9   1826.8   1724.8   2136.9   2956.7   3341.1   3228.7
  J - 08     -8    2278.7   3204.8   3307.6   2920.0   2118.6   1636.8   1702.7   1702.6   1636.7   1640.9   1442.9   1061.1    313.6
  J - 09      8    2290.2    316.1   1087.0   1478.4   1663.8   1594.7   1655.0   1654.9   1594.2   2159.0   3003.7   3400.2   3260.2
  J - 10     -8    2291.9   3247.2   3426.0   3034.5   2160.6   1586.0   1647.4   1647.3   1586.1   1654.5   1485.4   1098.8    317.2
  J - 11      8    2284.4    317.5   1100.1   1474.3   1604.1   1615.2   1676.8   1676.8   1614.9   2112.4   3026.4   3405.3   3147.0
  J - 12     -8    2284.4   3146.9   3405.3   3026.5   2112.4   1614.9   1676.8   1676.8   1615.2   1604.1   1474.3   1100.2    317.5
  J - 13      8    2291.9    317.2   1098.8   1485.4   1654.4   1586.1   1647.3   1647.3   1586.0   2160.6   3034.6   3426.1   3247.1
  J - 14     -8    2290.3   3260.3   3400.5   3004.0   2159.1   1594.1   1654.8   1654.9   1594.6   1663.8   1478.5   1087.1    316.1
  J - 15      8    2278.8    313.7   1061.2   1443.0   1640.9   1636.5   1702.4   1702.5   1636.7   2118.8   2920.4   3308.0   3205.0
  J - 16     -8    2346.0   3229.0   3341.6   2957.1   2137.1   1724.6   1826.5   1826.6   1725.3   1650.5   1454.3   1075.3    315.1
  J - 17      8    2319.0    313.5   1056.9   1405.3   1517.1   1807.4   1941.4   1941.6   1807.6   1992.8   2875.1   3229.9   2956.1
  J - 18     -8    2237.1   2817.2   3046.8   2705.4   1896.8   1784.7   1930.1   1930.3   1785.4   1458.7   1337.3   1007.1    307.5
  J - 19      8    2239.4    300.8    966.1   1311.1   1553.7   1790.3   1912.5   1912.7   1790.7   1962.5   2597.9   2955.6   2993.1
  J - 20     -8    2240.1   3053.6   2922.8   2549.9   1978.3   1800.2   1907.1   1907.3   1801.2   1589.2   1306.6    947.6    297.0
  J - 21      8    2277.4    296.0    946.6   1322.1   1627.6   1836.9   1937.1   1937.4   1837.7   2016.5   2567.4   2956.9   3129.2
  J - 22     -8    2280.2   3142.5   2960.3   2565.2   2016.9   1839.1   1938.0   1938.4   1841.5   1637.3   1330.5    950.1    296.2
 
  K - 01     -8    2239.3   3084.9   2902.9   2515.7   1984.1   1810.2   1903.6   1903.3   1809.8   1609.1   1304.6    931.7    293.0
  K - 02      8    2240.9    294.6    938.4   1308.5   1607.2   1806.6   1900.4   1900.2   1805.6   1985.8   2530.3   2914.8   3083.3
  K - 03     -8    2241.7   3066.9   2937.2   2560.1   1986.7   1796.4   1895.1   1895.0   1796.1   1595.2   1311.7    948.3    296.8
  K - 04      8    2245.0    301.5    972.3   1326.6   1572.0   1778.7   1887.6   1887.5   1778.1   1982.3   2623.5   2991.0   3031.0
  K - 05     -8    2251.3   2919.0   3137.3   2779.0   1955.7   1734.4   1875.2   1875.1   1734.3   1505.5   1374.2   1024.6    309.4
  K - 06      8    2333.9    315.3   1078.0   1445.5   1563.8   1755.5   1885.2   1885.1   1755.1   2051.7   2954.7   3327.4   3056.4
  K - 07     -8    2350.8   3260.4   3378.6   2987.4   2157.1   1711.1   1800.5   1800.4   1711.1   1664.6   1468.9   1082.8    315.7
  K - 08      8    2281.6    314.4   1068.1   1451.8   1645.5   1629.8   1689.0   1688.9   1629.4   2127.4   2941.2   3330.5   3216.5
  K - 09     -8    2291.7   3259.3   3417.1   3022.6   2163.3   1588.7   1646.9   1646.8   1588.9   1661.7   1483.3   1093.8    316.8
  K - 10      8    2292.7    318.2   1109.5   1490.0   1642.6   1580.8   1645.6   1645.6   1580.4   2157.5   3059.3   3444.8   3227.9
  K - 11     -8    2282.8   3072.8   3433.9   3067.1   2085.7   1613.4   1688.0   1688.0   1613.6   1562.7   1480.2   1118.0    318.9
  K - 12      8    2282.8    318.9   1118.0   1480.2   1562.6   1613.6   1688.0   1688.0   1613.4   2085.7   3067.2   3434.0   3072.7
  K - 13     -8    2292.7   3227.8   3444.9   3059.4   2157.5   1580.4   1645.5   1645.6   1580.8   1642.5   1490.0   1109.5    318.2
  K - 14      8    2291.7    316.8   1093.9   1483.4   1661.7   1588.8   1646.7   1646.7   1588.6   2163.4   3022.9   3417.4   3259.4
  K - 15     -8    2281.6   3216.6   3330.9   2941.6   2127.6   1629.3   1688.7   1688.7   1629.7   1645.5   1451.9   1068.2    314.4
  K - 16      8    2350.9    315.7   1082.9   1469.1   1664.7   1710.9   1800.1   1800.2   1710.9   2157.4   2987.9   3379.1   3260.6
  K - 17     -8    2334.0   3056.7   3327.8   2955.2   2052.0   1754.9   1884.8   1884.9   1755.4   1563.9   1445.6   1078.2    315.3
  K - 18      8    2251.3    309.4   1024.9   1374.4   1505.4   1734.1   1874.8   1874.9   1734.2   1955.9   2779.7   3137.9   2918.9
  K - 19     -8    2245.0   3030.9   2991.4   2624.1   1982.4   1777.9   1887.3   1887.4   1778.5   1571.9   1326.8    972.5    301.5
  K - 20      8    2241.7    296.9    948.5   1311.7   1595.1   1796.0   1894.8   1894.9   1796.3   1986.8   2560.5   2937.5   3066.8
  K - 21     -8    2279.8   3139.7   2969.1   2576.6   2020.4   1834.9   1930.9   1931.1   1836.0   1633.2   1329.2    951.0    296.7
  K - 22      8    2278.2    295.1    944.0   1325.0   1635.2   1839.3   1934.1   1934.4   1839.7   2018.6   2561.6   2956.9   3141.3
 
  L - 01      8    2240.7    293.4    934.3   1308.7   1612.4   1809.9   1900.7   1900.6   1809.0   1985.8   2520.2   2909.1   3090.4
  L - 02     -8    2241.1   3088.1   2919.0   2532.6   1988.8   1804.9   1895.4   1895.4   1805.0   1609.4   1309.7    937.5    294.3
  L - 03      8    2243.9    296.8    949.6   1318.1   1604.4   1793.7   1884.3   1884.2   1793.3   1994.5   2567.1   2949.6   3084.5
  L - 04     -8    2249.0   3078.0   3008.9   2630.6   2004.6   1771.1   1863.9   1863.9   1771.1   1596.0   1335.9    970.8    300.9
  L - 05      8    2261.7    308.0   1017.3   1387.0   1582.0   1712.2   1823.2   1823.2   1711.9   2024.8   2775.6   3154.4   3068.7
  L - 06     -8    2343.7   3202.3   3343.6   2950.8   2119.8   1733.0   1833.5   1833.5   1733.2   1638.7   1457.4   1070.1    314.2
1
 REACTOR FUELLING SIMULATION PROGRAM - INDUSTRY STANDARD TOOLSET VERSION: REL_3.5.5.1    DATE:26-Jan-26                      PAGE  29
 TIME:15:22:02  USER:R FARKAS                                
 *PRINT    C6-ESQUE GENERIC MODEL                                                           RUN TIME      0.949
    BUNDLE INSTANTANEOUS BURNUP IN MW.h /BUNDLE                                               
                                                            BUNDLE POSITION IN CHANNEL
        FUELLING  CHNL AV.
                                 1        2        3        4        5        6        7        8        9       10       11       12
+CHANNEL SCHEME   EXIT BUR
 
  L - 07      8    2354.9    315.5   1083.0   1478.7   1686.9   1703.9   1777.9   1777.9   1703.6   2177.7   2996.3   3397.3   3304.4
  L - 08     -8    2283.1   3227.8   3341.9   2949.9   2134.1   1626.0   1679.5   1679.4   1626.2   1650.8   1456.5   1069.9    314.5
  L - 09      8    2292.5    317.1   1097.6   1486.1   1660.4   1586.4   1643.3   1643.3   1586.1   2164.8   3032.2   3425.8   3258.2
  L - 10     -8    2292.5   3206.8   3453.8   3073.9   2151.6   1578.1   1648.5   1648.5   1578.4   1630.5   1491.2   1116.2    318.7
  L - 11      8    2280.0    319.8   1132.8   1483.8   1519.0   1615.7   1704.6   1704.6   1615.5   2054.3   3098.5   3454.9   2991.9
  L - 12     -8    2280.0   2991.8   3454.9   3098.6   2054.2   1615.5   1704.6   1704.6   1615.7   1519.0   1483.8   1132.8    319.8
  L - 13      8    2292.5    318.7   1116.3   1491.2   1630.4   1578.3   1648.5   1648.5   1578.1   2151.6   3074.0   3453.9   3206.7
  L - 14     -8    2292.5   3258.2   3426.0   3032.5   2164.9   1586.0   1643.2   1643.2   1586.3   1660.4   1486.2   1097.7    317.1
  L - 15      8    2283.2    314.5   1070.1   1456.6   1650.8   1626.1   1679.3   1679.3   1625.9   2134.3   2950.3   3342.3   3227.9
  L - 16     -8    2354.9   3304.5   3397.8   2996.8   2177.9   1703.4   1777.6   1777.6   1703.8   1687.0   1478.9   1083.1    315.5
  L - 17      8    2343.8    314.2   1070.3   1457.5   1638.7   1733.1   1833.2   1833.3   1732.9   2120.0   2951.4   3344.1   3202.4
  L - 18     -8    2261.8   3068.7   3155.0   2776.2   2025.0   1711.7   1822.9   1822.9   1712.0   1582.0   1387.2   1017.6    308.1
  L - 19      8    2249.1    300.9    971.1   1336.0   1596.0   1770.9   1863.6   1863.7   1770.9   2004.8   2631.3   3009.4   3078.0
  L - 20     -8    2243.9   3084.5   2950.0   2567.6   1994.6   1793.1   1884.0   1884.1   1793.5   1604.4   1318.1    949.7    296.9
  L - 21      8    2280.1    296.3    950.1   1330.3   1635.5   1834.3   1926.0   1926.1   1834.2   2023.5   2578.9   2973.4   3144.7
  L - 22     -8    2279.7   3147.1   2963.3   2566.2   2020.4   1838.4   1931.4   1931.5   1839.3   1638.6   1329.3    946.8    295.5
 
  M - 01     -8    2240.9   3091.9   2910.1   2520.5   1986.4   1808.9   1899.6   1899.7   1809.8   1613.2   1309.3    934.3    293.3
  M - 02      8    2241.4    294.1    937.3   1310.6   1611.1   1804.9   1893.5   1893.6   1804.7   1990.0   2532.9   2920.6   3091.2
  M - 03     -8    2244.5   3092.3   2952.1   2566.8   1997.5   1793.1   1880.2   1880.2   1793.5   1608.8   1319.8    948.6    296.5
  M - 04      8    2250.2    300.2    968.3   1338.7   1606.6   1770.6   1855.6   1855.7   1770.5   2012.3   2628.0   3011.9   3097.1
  M - 05     -8    2263.9   3108.9   3155.2   2767.0   2041.4   1710.2   1808.8   1808.8   1710.5   1604.0   1390.3   1011.6    306.9
  M - 06      8    2345.9    313.3   1063.9   1460.4   1660.7   1731.9   1819.6   1819.6   1731.7   2136.0   2941.3   3343.5   3243.5
  M - 07     -8    2355.8   3322.4   3398.3   2992.0   2184.2   1703.6   1771.0   1771.0   1704.0   1696.8   1480.8   1079.8    315.1
  M - 08      8    2283.5    314.3   1068.8   1457.5   1654.1   1626.3   1676.9   1676.9   1626.2   2136.0   2948.6   3342.8   3233.8
  M - 09     -8    2292.6   3259.0   3426.1   3032.0   2164.9   1586.2   1642.8   1642.8   1586.5   1660.9   1486.4   1097.3    317.1
  M - 10      8    2292.3    318.8   1116.9   1491.2   1628.4   1578.4   1649.7   1649.7   1578.2   2150.1   3075.2   3454.3   3202.8
  M - 11     -8    2279.4   2978.4   3456.7   3102.4   2048.8   1616.1   1708.2   1708.2   1616.3   1511.8   1483.7   1134.8    319.9
  M - 12      8    2279.4    319.9   1134.9   1483.7   1511.7   1616.3   1708.2   1708.2   1616.1   2048.7   3102.5   3456.7   2978.2
  M - 13     -8    2292.3   3202.7   3454.4   3075.3   2150.0   1578.1   1649.7   1649.7   1578.4   1628.3   1491.2   1117.0    318.8
  M - 14      8    2292.6    317.1   1097.4   1486.5   1660.9   1586.4   1642.7   1642.7   1586.1   2165.0   3032.3   3426.3   3259.1
  M - 15     -8    2283.5   3233.9   3343.2   2949.0   2136.2   1626.0   1676.7   1676.7   1626.2   1654.1   1457.6   1068.9    314.3
  M - 16      8    2355.8    315.1   1080.0   1480.9   1696.8   1703.8   1770.7   1770.7   1703.5   2184.4   2992.5   3398.8   3322.5
  M - 17     -8    2345.9   3243.6   3344.0   2941.9   2136.2   1731.5   1819.4   1819.3   1731.7   1660.7   1460.5   1064.1    313.4
  M - 18      8    2263.9    307.0   1011.8   1390.5   1604.0   1710.3   1808.5   1808.5   1710.0   2041.6   2767.6   3155.8   3109.0
  M - 19     -8    2250.3   3097.2   3012.4   2628.6   2012.5   1770.3   1855.4   1855.4   1770.4   1606.6   1338.9    968.5    300.2
  M - 20      8    2244.5    296.5    948.8   1319.9   1608.7   1793.3   1880.0   1880.0   1792.9   1997.7   2567.3   2952.5   3092.4
  M - 21     -8    2280.4   3147.9   2975.0   2579.3   2024.7   1834.1   1924.2   1924.1   1834.2   1637.2   1331.3    949.8    296.2
  M - 22      8    2279.9    295.4    946.7   1329.9   1639.4   1839.2   1930.4   1930.4   1838.4   2021.0   2566.6   2964.3   3148.7
 
  N - 01      8    2239.7    292.8    931.5   1306.0   1611.3   1809.6   1900.7   1900.9   1810.0   1985.6   2516.7   2905.5   3088.8
  N - 02     -8    2241.6   3091.3   2918.8   2531.0   1988.8   1805.3   1895.4   1895.6   1806.3   1611.6   1310.9    937.6    294.2
  N - 03      8    2243.3    296.0    945.8   1316.3   1607.2   1795.6   1884.1   1884.3   1795.8   1995.1   2559.2   2943.7   3088.8
  N - 04     -8    2248.7   3092.3   2997.4   2614.4   2007.1   1775.6   1863.4   1863.5   1776.2   1605.0   1333.8    964.5    299.5
  N - 05      8    2260.4    305.7   1003.2   1379.3   1599.1   1722.1   1823.0   1823.0   1722.2   2030.9   2739.7   3125.8   3096.1
  N - 06     -8    2342.4   3230.9   3313.0   2912.5   2124.6   1744.2   1834.8   1834.9   1744.7   1656.3   1449.4   1055.1    312.4
1
 REACTOR FUELLING SIMULATION PROGRAM - INDUSTRY STANDARD TOOLSET VERSION: REL_3.5.5.1    DATE:26-Jan-26                      PAGE  30
 TIME:15:22:02  USER:R FARKAS                                
 *PRINT    C6-ESQUE GENERIC MODEL                                                           RUN TIME      0.949
    BUNDLE INSTANTANEOUS BURNUP IN MW.h /BUNDLE                                               
                                                            BUNDLE POSITION IN CHANNEL
        FUELLING  CHNL AV.
                                 1        2        3        4        5        6        7        8        9       10       11       12
+CHANNEL SCHEME   EXIT BUR
 
  N - 07      8    2353.7    314.4   1073.6   1474.1   1694.9   1710.4   1780.3   1780.4   1710.3   2178.0   2974.0   3379.8   3316.3
  N - 08     -8    2282.5   3232.7   3332.7   2937.5   2132.8   1629.7   1682.1   1682.2   1630.1   1654.5   1454.4   1065.0    313.8
  N - 09      8    2291.9    316.6   1093.1   1484.2   1663.2   1589.3   1645.4   1645.4   1589.1   2163.7   3022.0   3418.1   3261.8
  N - 10     -8    2292.3   3216.6   3446.6   3062.9   2152.8   1580.8   1648.6   1648.6   1581.2   1636.7   1490.1   1111.2    318.3
  N - 11      8    2280.4    319.4   1125.5   1482.5   1532.5   1617.8   1700.9   1700.9   1617.6   2061.2   3083.7   3445.6   3015.5
  N - 12     -8    2280.4   3015.4   3445.7   3083.8   2061.1   1617.6   1700.9   1700.9   1617.8   1532.5   1482.5   1125.5    319.4
  N - 13      8    2292.3    318.3   1111.3   1490.1   1636.6   1581.1   1648.6   1648.6   1580.8   2152.8   3063.0   3446.7   3216.5
  N - 14     -8    2291.9   3261.9   3418.4   3022.3   2163.8   1589.0   1645.3   1645.3   1589.1   1663.2   1484.3   1093.2    316.6
  N - 15      8    2282.5    313.9   1065.1   1454.5   1654.5   1630.0   1682.0   1681.9   1629.6   2132.9   2937.9   3333.0   3232.7
  N - 16     -8    2353.7   3316.4   3380.3   2974.5   2178.2   1710.2   1780.1   1780.0   1710.3   1694.9   1474.2   1073.8    314.4
  N - 17      8    2342.5    312.4   1055.3   1449.5   1656.3   1744.5   1834.7   1834.6   1744.0   2124.7   2913.0   3313.5   3231.0
  N - 18     -8    2260.4   3096.2   3126.4   2740.3   2031.1   1722.0   1822.8   1822.7   1722.0   1599.1   1379.5   1003.4    305.8
  N - 19      8    2248.8    299.6    964.7   1334.0   1605.0   1776.0   1863.3   1863.2   1775.4   2007.2   2614.9   2997.9   3092.3
  N - 20     -8    2243.3   3088.8   2944.0   2559.5   1995.2   1795.7   1884.1   1884.0   1795.4   1607.2   1316.4    945.9    296.0
  N - 21      8    2280.6    296.3    950.2   1331.6   1637.8   1835.7   1926.2   1926.1   1834.6   2023.5   2577.3   2973.2   3148.0
  N - 22     -8    2278.7   3145.4   2959.6   2562.6   2020.1   1839.5   1931.7   1931.5   1839.0   1637.4   1326.5    943.8    294.9
 
  O - 01     -8    2241.7   3090.4   2909.2   2520.2   1984.1   1809.4   1904.1   1904.4   1811.7   1613.6   1311.4    937.2    294.0
  O - 02      8    2239.4    293.5    933.4   1304.5   1606.7   1807.2   1900.8   1901.1   1808.0   1985.3   2522.4   2907.6   3082.5
  O - 03     -8    2241.8   3077.4   2929.9   2548.8   1987.4   1799.6   1895.4   1895.6   1800.6   1602.1   1311.6    944.6    296.0
  O - 04      8    2243.6    298.7    958.1   1319.1   1588.6   1787.8   1886.8   1887.0   1788.1   1988.5   2588.8   2963.2   3058.4
  O - 05     -8    2247.3   3003.0   3037.8   2667.5   1975.3   1771.7   1875.3   1875.5   1772.3   1555.5   1343.4    985.7    303.6
  O - 06      8    2328.2    310.3   1034.5   1410.5   1611.7   1795.9   1889.1   1889.2   1796.0   2067.8   2834.5   3218.3   3134.3
  O - 07     -8    2349.0   3286.3   3343.3   2943.5   2158.6   1724.0   1805.6   1805.7   1724.6   1681.5   1459.8   1065.8    313.7
  O - 08      8    2279.7    313.1   1057.9   1445.9   1650.6   1637.0   1695.1   1695.2   1637.0   2124.4   2916.4   3310.4   3222.4
  O - 09     -8    2290.5   3265.2   3401.3   3002.4   2160.3   1594.6   1652.5   1652.6   1595.1   1666.6   1479.5   1085.8    315.9
  O - 10      8    2291.9    317.2   1098.8   1485.8   1654.2   1586.3   1647.4   1647.4   1586.2   2159.9   3034.8   3426.7   3246.3
  O - 11     -8    2283.9   3137.4   3407.0   3028.9   2108.1   1615.7   1679.1   1679.1   1616.0   1599.2   1474.6   1101.2    317.6
  O - 12      8    2283.9    317.6   1101.3   1474.6   1599.2   1616.0   1679.1   1679.1   1615.7   2108.1   3029.0   3407.1   3137.4
  O - 13     -8    2291.9   3246.3   3426.8   3034.9   2159.9   1586.1   1647.4   1647.3   1586.3   1654.1   1485.8   1098.8    317.2
  O - 14      8    2290.5    315.9   1085.9   1479.6   1666.6   1595.0   1652.5   1652.4   1594.5   2160.4   3002.7   3401.6   3265.2
  O - 15     -8    2279.8   3222.5   3310.7   2916.7   2124.5   1636.9   1695.0   1694.9   1636.9   1650.6   1446.0   1058.0    313.1
  O - 16      8    2349.0    313.7   1066.0   1460.0   1681.6   1724.4   1805.4   1805.3   1723.8   2158.8   2944.0   3343.8   3286.5
  O - 17     -8    2328.2   3134.4   3218.8   2835.0   2068.0   1795.9   1889.0   1888.9   1795.7   1611.8   1410.7   1034.7    310.3
  O - 18      8    2247.3    303.6    985.9   1343.5   1555.5   1772.2   1875.3   1875.1   1771.5   1975.4   2668.0   3038.2   3003.0
  O - 19     -8    2243.6   3058.4   2963.6   2589.2   1988.7   1788.0   1886.9   1886.7   1787.6   1588.5   1319.2    958.2    298.8
  O - 20      8    2241.9    296.0    944.8   1311.6   1602.1   1800.5   1895.4   1895.2   1799.5   1987.5   2549.1   2930.2   3077.4
  O - 21     -8    2278.3   3138.8   2961.7   2568.5   2019.9   1837.4   1931.9   1931.6   1836.6   1632.7   1324.9    945.8    295.6
  O - 22      8    2280.7    296.0    949.8   1332.2   1639.8   1841.2   1935.3   1934.9   1838.8   2018.7   2566.3   2963.4   3147.2
 
  P - 02     -8    2239.9   3077.8   2904.2   2520.8   1980.8   1808.6   1908.4   1908.7   1810.3   1605.4   1305.7    936.8    294.3
  P - 03      8    2238.4    295.5    941.0   1301.7   1590.3   1804.0   1909.8   1910.1   1804.7   1977.2   2536.1   2910.4   3054.4
  P - 04     -8    2238.7   3006.2   2938.2   2575.2   1961.9   1797.5   1915.9   1916.2   1798.5   1562.7   1307.8    958.3    299.2
  P - 05      8    2234.4    304.5    988.8   1325.9   1473.9   1799.1   1934.9   1935.1   1799.6   1898.6   2659.1   3008.1   2840.6
  P - 06     -8    2244.5   2883.6   3084.8   2731.1   1930.9   1770.3   1892.2   1892.4   1771.0   1490.8   1354.5   1011.4    307.8
  P - 07      8    2342.8    313.2   1059.3   1443.8   1657.8   1736.8   1836.8   1837.0   1737.1   2132.5   2917.3   3307.7   3237.2
1
 REACTOR FUELLING SIMULATION PROGRAM - INDUSTRY STANDARD TOOLSET VERSION: REL_3.5.5.1    DATE:26-Jan-26                      PAGE  31
 TIME:15:22:02  USER:R FARKAS                                
 *PRINT    C6-ESQUE GENERIC MODEL                                                           RUN TIME      0.949
    BUNDLE INSTANTANEOUS BURNUP IN MW.h /BUNDLE                                               
                                                            BUNDLE POSITION IN CHANNEL
        FUELLING  CHNL AV.
                                 1        2        3        4        5        6        7        8        9       10       11       12
+CHANNEL SCHEME   EXIT BUR
 
  P - 08     -8    2356.3   3325.6   3401.2   2994.7   2185.9   1700.2   1771.0   1771.2   1700.9   1698.3   1482.0   1081.0    315.2
  P - 09      8    2367.3    317.3   1106.5   1516.5   1719.8   1656.7   1722.9   1723.0   1656.8   2226.7   3078.8   3494.5   3379.1
  P - 10     -8    2369.4   3372.7   3520.3   3107.2   2230.1   1648.3   1714.1   1714.1   1648.7   1714.3   1524.6   1118.1    318.3
  P - 11      8    2362.1    318.4   1116.8   1512.7   1668.2   1678.4   1741.3   1741.3   1678.2   2185.7   3094.7   3496.4   3280.8
  P - 12     -8    2362.1   3280.8   3496.5   3094.8   2185.7   1678.2   1741.3   1741.3   1678.4   1668.2   1512.7   1116.8    318.3
  P - 13      8    2369.4    318.3   1118.1   1524.6   1714.3   1648.7   1714.1   1714.0   1648.3   2230.1   3107.3   3520.4   3372.7
  P - 14     -8    2367.4   3379.1   3494.7   3079.1   2226.8   1656.7   1722.9   1722.8   1656.7   1719.8   1516.6   1106.5    317.3
  P - 15      8    2356.4    315.2   1081.1   1482.1   1698.3   1700.8   1771.0   1770.8   1700.1   2186.1   2995.0   3401.5   3325.7
  P - 16     -8    2342.9   3237.4   3308.1   2917.8   2132.7   1736.9   1836.7   1836.5   1736.7   1657.9   1443.9   1059.5    313.2
  P - 17      8    2244.6    307.8   1011.6   1354.6   1490.9   1770.9   1892.1   1891.9   1770.1   1931.1   2731.5   3085.2   2883.9
  P - 18     -8    2234.4   2840.4   3008.5   2659.5   1898.7   1799.5   1934.9   1934.7   1799.0   1473.8   1326.0    989.0    304.5
  P - 19      8    2238.7    299.2    958.4   1307.9   1562.5   1798.4   1916.1   1915.8   1797.3   1962.0   2575.6   2938.5   3006.0
  P - 20     -8    2238.4   3054.3   2910.6   2536.4   1977.3   1804.6   1910.0   1909.7   1803.9   1590.2   1301.8    941.1    295.6
  P - 21      8    2278.9    296.4    949.4   1326.3   1631.4   1839.7   1939.6   1939.3   1838.0   2015.3   2566.9   2958.4   3133.9
 
  Q - 02      8    2238.4    294.2    935.7   1301.3   1599.6   1810.8   1916.0   1916.3   1811.0   1976.8   2515.3   2894.6   3066.4
  Q - 03     -8    2236.7   3040.0   2897.8   2527.8   1968.3   1807.0   1922.1   1922.5   1808.2   1583.4   1296.8    940.7    295.8
  Q - 04      8    2234.1    298.9    954.9   1295.9   1544.6   1803.7   1936.5   1936.9   1804.6   1945.9   2560.7   2914.2   2970.6
  Q - 05     -8    2228.9   2780.2   2982.9   2645.1   1867.8   1810.0   1966.7   1967.1   1811.2   1444.4   1314.9    989.3    304.9
  Q - 06      8    2237.5    307.2   1005.3   1337.9   1463.2   1782.9   1924.5   1924.8   1783.6   1902.0   2706.0   3049.5   2826.7
  Q - 07     -8    2338.1   3209.8   3269.7   2883.9   2112.9   1749.2   1864.5   1864.7   1750.3   1646.3   1429.9   1051.1    312.3
  Q - 08      8    2350.5    313.6   1066.0   1463.7   1690.0   1715.5   1798.4   1798.6   1715.9   2168.5   2950.1   3353.2   3303.9
  Q - 09     -8    2361.9   3360.9   3443.5   3029.9   2208.0   1673.6   1752.6   1752.8   1674.3   1714.2   1498.8   1090.7    315.9
  Q - 10      8    2363.1    316.9   1100.4   1504.2   1705.5   1667.2   1746.8   1746.9   1667.2   2208.8   3055.3   3464.4   3348.2
  Q - 11     -8    2355.4   3247.8   3442.2   3044.8   2159.9   1697.4   1776.9   1776.9   1697.7   1655.1   1492.9   1100.7    317.1
  Q - 12      8    2355.4    317.1   1100.7   1492.9   1655.1   1697.7   1776.9   1776.9   1697.4   2159.9   3044.8   3442.2   3247.8
  Q - 13     -8    2363.1   3348.2   3464.5   3055.4   2208.8   1667.2   1746.9   1746.8   1667.2   1705.4   1504.2   1100.4    316.9
  Q - 14      8    2362.0    316.0   1090.8   1498.8   1714.2   1674.2   1752.7   1752.5   1673.5   2208.1   3030.1   3443.6   3361.0
  Q - 15     -8    2350.6   3304.1   3353.5   2950.3   2168.6   1715.8   1798.4   1798.2   1715.4   1690.0   1463.8   1066.1    313.7
  Q - 16      8    2338.2    312.3   1051.2   1430.0   1646.4   1750.2   1864.5   1864.2   1749.1   2113.1   2884.2   3270.0   3210.1
  Q - 17     -8    2237.6   2827.0   3049.9   2706.4   1902.2   1783.5   1924.5   1924.2   1782.7   1463.3   1338.0   1005.5    307.2
  Q - 18      8    2228.9    304.9    989.4   1314.9   1444.3   1811.1   1966.9   1966.6   1809.9   1867.8   2645.5   2983.2   2780.1
  Q - 19     -8    2234.2   2970.4   2914.5   2561.1   1945.9   1804.5   1936.8   1936.5   1803.6   1544.5   1296.0    955.1    299.0
  Q - 20      8    2236.7    295.8    940.7   1296.7   1583.2   1808.1   1922.4   1922.1   1807.0   1968.3   2527.9   2897.8   3039.9
  Q - 21     -8    2277.3   3122.1   2948.8   2561.4   2011.2   1840.5   1947.4   1947.0   1840.2   1625.6   1321.9    948.3    296.3
 
  R - 03      8    2235.0    295.5    938.8   1292.1   1577.7   1809.3   1930.4   1931.0   1810.6   1964.0   2520.1   2886.3   3028.1
  R - 04     -8    2233.2   2961.4   2902.5   2551.0   1937.6   1807.5   1947.9   1948.4   1809.5   1541.2   1293.2    954.8    299.1
  R - 05      8    2224.3    303.5    980.0   1302.3   1435.1   1817.4   1982.0   1982.5   1818.9   1856.6   2621.2   2955.2   2760.5
  R - 06     -8    2234.5   2818.7   3016.2   2673.3   1890.6   1794.1   1943.7   1944.1   1795.7   1462.1   1328.1    997.3    306.0
  R - 07      8    2258.1    306.5   1004.5   1366.0   1590.5   1719.2   1839.7   1840.0   1720.1   2027.7   2732.0   3103.4   3082.4
  R - 08     -8    2269.4   3168.2   3171.1   2782.7   2073.6   1693.2   1785.8   1786.1   1694.2   1632.3   1396.2   1017.3    307.9
  R - 09      8    2350.7    313.1   1062.3   1463.0   1697.6   1708.9   1804.2   1804.4   1709.2   2172.5   2941.5   3347.8   3317.3
  R - 10     -8    2350.9   3285.1   3365.6   2967.3   2162.8   1704.8   1808.2   1808.3   1705.4   1679.2   1467.0   1074.2    314.6
  R - 11      8    2340.4    315.6   1081.6   1457.3   1598.4   1738.0   1851.5   1851.5   1737.8   2089.5   2973.9   3354.7   3126.2
  R - 12     -8    2340.4   3126.2   3354.7   2973.9   2089.5   1737.8   1851.5   1851.5   1738.0   1598.4   1457.3   1081.6    315.6
1
 REACTOR FUELLING SIMULATION PROGRAM - INDUSTRY STANDARD TOOLSET VERSION: REL_3.5.5.1    DATE:26-Jan-26                      PAGE  32
 TIME:15:22:02  USER:R FARKAS                                
 *PRINT    C6-ESQUE GENERIC MODEL                                                           RUN TIME      0.949
    BUNDLE INSTANTANEOUS BURNUP IN MW.h /BUNDLE                                               
                                                            BUNDLE POSITION IN CHANNEL
        FUELLING  CHNL AV.
                                 1        2        3        4        5        6        7        8        9       10       11       12
+CHANNEL SCHEME   EXIT BUR
 
  R - 13      8    2350.9    314.6   1074.2   1467.0   1679.1   1705.4   1808.4   1808.2   1704.8   2162.7   2967.4   3365.6   3285.0
  R - 14     -8    2350.8   3317.4   3348.0   2941.6   2172.6   1709.2   1804.4   1804.2   1708.8   1697.6   1463.1   1062.3    313.1
  R - 15      8    2269.4    308.0   1017.3   1396.2   1632.3   1694.2   1786.0   1785.7   1693.1   2073.7   2782.9   3171.3   3168.3
  R - 16     -8    2258.1   3082.6   3103.6   2732.2   2027.9   1720.0   1839.8   1839.5   1719.1   1590.6   1366.1   1004.6    306.5
  R - 17      8    2234.6    306.0    997.3   1328.2   1462.2   1795.6   1943.9   1943.5   1794.0   1890.7   2673.6   3016.5   2818.9
  R - 18     -8    2224.3   2760.4   2955.5   2621.5   1856.7   1818.8   1982.4   1981.9   1817.3   1435.1   1302.4    980.1    303.5
  R - 19      8    2233.2    299.1    954.9   1293.2   1541.0   1809.4   1948.4   1947.8   1807.4   1937.6   2551.2   2902.7   2961.2
  R - 20     -8    2235.0   3028.1   2886.5   2520.4   1964.0   1810.5   1930.9   1930.4   1809.3   1577.7   1292.1    939.0    295.6
 
  S - 03     -8    2237.3   3035.3   2888.9   2520.2   1962.0   1809.7   1933.8   1934.7   1813.5   1583.3   1298.1    943.6    296.4
  S - 04      8    2229.6    296.6    942.1   1282.3   1541.5   1810.1   1949.1   1950.0   1813.1   1938.9   2530.2   2882.5   2962.7
  S - 05     -8    2226.5   2797.4   2941.3   2598.8   1865.2   1822.0   1980.9   1981.6   1824.9   1457.3   1304.3    974.7    302.4
  S - 06      8    2229.9    302.1    974.0   1309.6   1476.2   1808.0   1952.1   1952.7   1810.0   1892.9   2617.5   2965.1   2840.9
  S - 07     -8    2246.6   3043.3   2996.5   2626.9   1987.6   1774.6   1883.3   1883.8   1776.5   1578.5   1330.1    974.0    301.8
  S - 08      8    2251.6    301.7    975.4   1342.2   1603.6   1761.2   1849.4   1849.8   1762.2   2018.0   2648.5   3028.0   3095.8
  S - 09     -8    2255.3   3104.1   3056.9   2676.6   2025.4   1751.3   1837.6   1837.9   1752.4   1606.5   1353.4    986.0    303.5
  S - 10      8    2252.8    305.4    995.5   1351.0   1575.9   1750.9   1851.8   1852.0   1751.1   2006.0   2697.1   3064.3   3049.4
  S - 11     -8    2243.2   2855.8   3088.1   2740.1   1920.4   1770.3   1900.0   1900.1   1770.7   1475.9   1353.7   1015.9    308.6
  S - 12      8    2243.2    308.6   1015.9   1353.7   1475.9   1770.7   1900.1   1900.0   1770.3   1920.4   2740.1   3088.1   2855.7
  S - 13     -8    2252.8   3049.4   3064.4   2697.1   2006.0   1751.1   1852.0   1851.8   1750.9   1575.9   1351.0    995.5    305.4
  S - 14      8    2255.3    303.5    986.0   1353.4   1606.5   1752.4   1837.9   1837.6   1751.3   2025.4   2676.7   3056.9   3104.1
  S - 15     -8    2251.6   3095.9   3028.2   2648.6   2018.0   1762.2   1849.8   1849.4   1761.2   1603.6   1342.2    975.4    301.7
  S - 16      8    2246.6    301.8    974.1   1330.2   1578.5   1776.5   1883.7   1883.2   1774.6   1987.7   2627.1   2996.6   3043.5
  S - 17     -8    2229.9   2841.1   2965.3   2617.7   1893.1   1809.9   1952.5   1951.9   1808.0   1476.3   1309.7    974.1    302.1
  S - 18      8    2226.5    302.4    974.8   1304.4   1457.2   1824.9   1981.5   1980.8   1821.9   1865.2   2599.0   2941.5   2797.4
  S - 19     -8    2229.6   2962.6   2882.7   2530.4   1938.9   1813.1   1949.9   1949.1   1810.0   1541.4   1282.4    942.2    296.7
  S - 20      8    2237.3    296.4    943.6   1298.1   1583.2   1813.5   1934.6   1933.8   1809.7   1962.0   2520.3   2889.0   3035.1
 
  T - 04     -8    2238.2   3024.4   2895.9   2529.6   1957.0   1808.7   1937.4   1938.6   1814.2   1578.0   1302.2    950.1    297.6
  T - 05      8    2230.2    296.0    940.3   1285.1   1546.0   1809.0   1941.2   1942.3   1812.9   1943.0   2532.3   2889.4   2971.7
  T - 06     -8    2238.0   3006.1   2923.7   2558.5   1955.9   1802.9   1925.1   1925.9   1806.2   1564.9   1306.1    954.9    298.5
  T - 07      8    2240.3    297.0    948.4   1308.3   1587.2   1793.8   1897.8   1898.4   1795.9   1983.5   2563.1   2936.0   3053.5
  T - 08     -8    2245.3   3082.2   2960.9   2581.3   1995.9   1787.7   1882.0   1882.5   1789.6   1602.0   1321.5    956.0    298.3
  T - 09      8    2244.5    298.9    958.5   1320.1   1593.4   1784.4   1881.3   1881.6   1785.3   1995.2   2592.1   2966.9   3068.9
  T - 10     -8    2242.3   3009.7   2972.8   2611.1   1970.8   1785.4   1900.9   1901.1   1786.3   1561.8   1319.0    970.3    301.4
  T - 11      8    2231.3    304.9    990.1   1319.9   1455.7   1804.5   1951.9   1952.0   1804.5   1881.5   2655.0   2996.7   2804.2
  T - 12     -8    2231.3   2804.2   2996.7   2655.1   1881.4   1804.5   1952.0   1951.9   1804.5   1455.6   1319.9    990.2    304.9
  T - 13      8    2242.3    301.4    970.4   1318.9   1561.7   1786.3   1901.2   1901.0   1785.4   1970.8   2611.1   2972.8   3009.6
  T - 14     -8    2244.5   3068.9   2966.9   2592.2   1995.2   1785.3   1881.6   1881.2   1784.4   1593.3   1320.1    958.5    298.9
  T - 15      8    2245.3    298.3    956.1   1321.5   1602.0   1789.6   1882.5   1882.0   1787.7   1995.9   2581.3   2961.0   3082.2
  T - 16     -8    2240.3   3053.6   2936.1   2563.2   1983.6   1795.9   1898.4   1897.7   1793.8   1587.2   1308.3    948.5    297.0
  T - 17      8    2238.1    298.5    954.9   1306.1   1564.9   1806.2   1925.8   1925.0   1802.9   1956.0   2558.7   2923.8   3006.2
  T - 18     -8    2230.2   2971.8   2889.6   2532.4   1943.1   1812.8   1942.2   1941.2   1808.9   1546.1   1285.2    940.3    296.0
  T - 19      8    2238.2    297.7    950.1   1302.2   1578.0   1814.2   1938.5   1937.3   1808.7   1957.1   2529.7   2896.0   3024.4
 
  U - 05     -8    2251.8   3066.7   2919.5   2542.6   1976.9   1816.3   1934.6   1935.9   1822.3   1599.5   1313.6    951.6    297.4
1
 REACTOR FUELLING SIMULATION PROGRAM - INDUSTRY STANDARD TOOLSET VERSION: REL_3.5.5.1    DATE:26-Jan-26                      PAGE  33
 TIME:15:22:02  USER:R FARKAS                                
 *PRINT    C6-ESQUE GENERIC MODEL                                                           RUN TIME      0.949
    BUNDLE INSTANTANEOUS BURNUP IN MW.h /BUNDLE                                               
                                                            BUNDLE POSITION IN CHANNEL
        FUELLING  CHNL AV.
                                 1        2        3        4        5        6        7        8        9       10       11       12
+CHANNEL SCHEME   EXIT BUR
 
  U - 06      8    2246.1    294.3    935.1   1297.6   1592.4   1814.5   1924.7   1925.8   1818.5   1982.8   2532.9   2908.4   3061.1
  U - 07     -8    2252.6   3090.9   2934.0   2550.8   1992.2   1811.4   1913.1   1913.9   1814.6   1609.6   1315.1    946.7    296.3
  U - 08      8    2250.9    295.4    942.1   1310.5   1606.8   1809.3   1907.3   1907.9   1811.3   1996.7   2552.0   2933.9   3089.0
  U - 09     -8    2252.5   3080.9   2942.6   2563.7   1992.1   1807.9   1911.3   1911.7   1809.7   1602.6   1315.2    950.6    297.2
  U - 10      8    2248.1    298.6    955.5   1307.5   1570.0   1810.3   1930.7   1931.0   1811.0   1969.8   2573.2   2938.2   3021.0
  U - 11     -8    2239.1   2838.3   2962.5   2613.6   1888.2   1827.9   1977.0   1977.0   1828.4   1476.2   1311.1    974.9    302.1
  U - 12      8    2239.1    302.1    974.9   1311.1   1476.2   1828.4   1977.1   1977.0   1827.9   1888.1   2613.7   2962.5   2838.2
  U - 13     -8    2248.1   3020.9   2938.2   2573.2   1969.8   1811.0   1931.0   1930.7   1810.3   1570.0   1307.5    955.5    298.6
  U - 14      8    2252.5    297.2    950.6   1315.2   1602.6   1809.7   1911.7   1911.3   1807.9   1992.1   2563.7   2942.6   3080.9
  U - 15     -8    2250.9   3089.1   2933.9   2552.0   1996.7   1811.3   1907.9   1907.2   1809.3   1606.8   1310.5    942.2    295.4
  U - 16      8    2252.6    296.3    946.7   1315.1   1609.6   1814.6   1913.8   1913.0   1811.3   1992.2   2550.9   2934.0   3091.0
  U - 17     -8    2246.1   3061.2   2908.5   2533.0   1982.9   1818.5   1925.7   1924.6   1814.5   1592.5   1297.7    935.2    294.3
  U - 18      8    2251.9    297.5    951.6   1313.6   1599.5   1822.2   1935.8   1934.5   1816.2   1976.9   2542.7   2919.6   3066.7
 
  V - 06     -8    2138.4   2927.4   2763.2   2401.3   1886.6   1730.1   1831.1   1832.4   1735.2   1538.0   1256.2    909.4    289.7
  V - 07      8    2133.5    287.0    896.5   1242.5   1531.1   1729.7   1825.9   1826.8   1733.1   1890.3   2391.3   2751.1   2919.9
  V - 08     -8    2137.7   2930.9   2765.7   2403.2   1891.1   1729.0   1824.4   1825.2   1731.9   1538.2   1253.9    906.3    289.0
  V - 09      8    2134.1    288.3    901.4   1244.1   1527.2   1729.1   1828.4   1828.9   1730.9   1887.9   2399.2   2755.7   2913.0
  V - 10     -8    2134.2   2890.4   2758.1   2407.7   1877.0   1730.0   1839.5   1839.9   1731.3   1515.9   1245.7    909.2    290.2
  V - 11      8    2130.6    291.1    912.5   1240.6   1489.1   1733.5   1855.5   1855.6   1733.7   1856.7   2414.4   2755.5   2839.5
  V - 12     -8    2130.6   2839.5   2755.6   2414.5   1856.7   1733.7   1855.6   1855.5   1733.5   1489.1   1240.6    912.5    291.2
  V - 13      8    2134.2    290.2    909.2   1245.7   1515.8   1731.3   1839.9   1839.6   1730.0   1877.0   2407.8   2758.1   2890.3
  V - 14     -8    2134.1   2913.0   2755.7   2399.2   1887.9   1730.9   1828.9   1828.4   1729.1   1527.2   1244.1    901.4    288.3
  V - 15      8    2137.7    289.0    906.3   1253.9   1538.2   1731.9   1825.1   1824.4   1728.9   1891.1   2403.3   2765.7   2930.9
  V - 16     -8    2133.5   2919.9   2751.1   2391.4   1890.3   1733.1   1826.8   1825.8   1729.7   1531.1   1242.6    896.5    287.0
  V - 17      8    2138.4    289.7    909.4   1256.2   1538.0   1735.2   1832.3   1831.1   1730.0   1886.7   2401.3   2763.2   2927.5
 
  W - 09     -8    1914.6   2599.7   2452.7   2135.5   1691.1   1563.7   1653.6   1654.2   1566.3   1388.6   1137.3    840.1    276.3
  W - 10      8    1911.1    275.5    835.4   1127.4   1377.8   1564.8   1659.0   1659.4   1565.9   1686.7   2129.5   2441.1   2582.0
  W - 11     -8    1911.2   2571.4   2442.1   2133.2   1681.0   1565.7   1664.8   1664.9   1566.2   1372.6   1128.4    838.9    276.5
  W - 12      8    1911.2    276.5    838.9   1128.4   1372.6   1566.2   1664.9   1664.8   1565.7   1681.0   2133.2   2442.1   2571.4
  W - 13     -8    1911.1   2582.0   2441.1   2129.5   1686.7   1565.9   1659.4   1659.0   1564.8   1377.8   1127.4    835.4    275.5
  W - 14      8    1914.6    276.3    840.1   1137.3   1388.6   1566.2   1654.2   1653.6   1563.7   1691.1   2135.5   2452.7   2599.7
1
 REACTOR FUELLING SIMULATION PROGRAM - INDUSTRY STANDARD TOOLSET VERSION: REL_3.5.5.1    DATE:26-Jan-26                      PAGE  34
 TIME:15:22:02  USER:R FARKAS                                
 *PRINT    C6-ESQUE GENERIC MODEL                                                           RUN TIME      0.949

 ECHO PRINT OF CONTROL AND TRAILER CARDS :
   COLUMN -    10        20        30        40        50        60        70        80

